,ID,Skillset
0,2096201,RHYTHM
1,2096523,ALT
2,2167576,ALT
3,2096611,READING
4,2096780,READING
5,2161658,ALT
6,2096921,READING
7,2098737,RHYTHM
8,278262,ALT
9,2103970,SPEED
10,2104299,AIM
11,2105177,ALT
12,2106506,SPEED
13,2108163,AIM
14,2109448,SPEED
15,2110050,READING
16,2136334,TECH
17,2276355,AIM
18,2113247,AIM
19,2115970,READING
20,2239445,STREAM
21,2251375,READING
22,2230498,AIM
23,2120381,READING
24,2120646,AIM
25,2133938,TECH
26,268690,ALT
27,2133171,RHYTHM
28,2123415,RHYTHM
29,2123820,TECH
30,2231135,AIM
31,2477047,STREAM
32,2129967,TECH
33,344706,ALT
34,2132928,TECH
35,269773,ALT
36,2133576,SPEED
37,2340906,SPEED
38,2133726,ALT
39,2134823,RHYTHM
40,2170923,RHYTHM
41,2251973,AIM
42,2134918,AIM
43,4737797,TECH
44,4729713,TECH
45,2139546,ALT
46,2187624,TECH
47,2137778,TECH
48,2139557,AIM
49,2238838,SPEED
50,2140171,ALT
51,2220743,ALT
52,2783765,READING
53,2140939,AIM
54,2141084,READING
55,2503006,TECH
56,2143181,AIM
57,2144135,READING
58,2148623,TECH
59,2148625,TECH
60,2156392,SPEED
61,2395846,READING
62,2712975,READING
63,2169793,TECH
64,2161566,TECH
65,2162140,AIM
66,2227418,ALT
67,2167265,ALT
68,2189968,AIM
69,2167820,SPEED
70,2167821,SPEED
71,2167822,SPEED
72,2169496,ALT
73,2174412,AIM
74,2260268,READING
75,2209731,TECH
76,2193649,TECH
77,2180045,READING
78,2177260,ALT
79,2177848,AIM
80,2189627,AIM
81,2180681,ALT
82,2183269,AIM
83,2455153,TECH
84,2184125,AIM
85,2184669,RHYTHM
86,2185106,ALT
87,2186917,READING
88,3046639,ALT
89,2190641,ALT
90,2191372,TECH
91,2191373,TECH
92,2699387,AIM
93,2191999,AIM
94,2193364,AIM
95,2194715,AIM
96,2207682,SPEED
97,3642830,ALT
98,2197297,ALT
99,2287620,READING
100,2198530,TECH
101,2242807,TECH
102,2245529,STREAM
103,2326935,TECH
104,2202545,AIM
105,3516864,TECH
106,2203610,TECH
107,2204234,AIM
108,2205311,AIM
109,2223303,STREAM
110,2208939,ALT
111,2261360,ALT
112,3025357,ALT
113,2743617,READING
114,2210722,READING
115,2745510,READING
116,2234458,READING
117,2210723,READING
118,2751569,AIM
119,2217317,AIM
120,2217693,AIM
121,2220287,ALT
122,2221455,READING
123,2223742,SPEED
124,2222880,SPEED
125,2279004,SPEED
126,2380608,ALT
127,278451,STREAM
128,3023181,AIM
129,2225073,SPEED
130,2225505,READING
131,2669841,ALT
132,2979585,ALT
133,2226170,READING
134,2231816,READING
135,279140,AIM
136,2229109,ALT
137,2230657,ALT
138,2232002,READING
139,2678822,READING
140,2232194,SPEED
141,2835894,ALT
142,2234037,READING
143,2234038,READING
144,2234808,ALT
145,3093485,ALT
146,2256578,STREAM
147,2240125,STREAM
148,2240948,STREAM
149,2238226,AIM
150,2239337,READING
151,2238398,READING
152,2238810,AIM
153,2240298,AIM
154,2947493,READING
155,2419749,STREAM
156,2557463,SPEED
157,2972038,SPEED
158,281069,ALT
159,2245294,AIM
160,281632,STREAM
161,281631,STREAM
162,2249059,STREAM
163,2271070,STREAM
164,2414804,ALT
165,2311803,READING
166,688907,AIM
167,2254959,ALT
168,2256517,ALT
169,2256943,SPEED
170,2257151,AIM
171,2399465,AIM
172,2430049,AIM
173,2262204,AIM
174,2258127,AIM
175,3828880,AIM
176,2264154,TECH
177,2265852,TECH
178,2267957,AIM
179,2269187,AIM
180,2668905,ALT
181,3269529,ALT
182,2274780,AIM
183,2419257,AIM
184,2278245,TECH
185,2279885,ALT
186,2281410,STREAM
187,2282512,SPEED
188,2283725,ALT
189,3206741,READING
190,2283930,READING
191,2284662,AIM
192,2463762,SPEED
193,2288722,SPEED
194,2288790,AIM
195,2681313,STREAM
196,4193586,STREAM
197,2291964,ALT
198,2300237,ALT
199,2294521,ALT
200,3195241,AIM
201,2302319,AIM
202,2388562,ALT
203,2565022,ALT
204,2318400,READING
205,2531905,READING
206,2433110,READING
207,2436870,READING
208,2300606,AIM
209,2357589,ALT
210,2301247,AIM
211,2314157,AIM
212,2369061,AIM
213,2301485,AIM
214,2301486,AIM
215,2702975,READING
216,2304300,STREAM
217,2307246,ALT
218,2536116,ALT
219,2317428,AIM
220,2330076,TECH
221,2343251,READING
222,2322553,AIM
223,2448363,TECH
224,2335757,STREAM
225,2336310,AIM
226,2336764,AIM
227,2621443,ALT
228,2468315,READING
229,2342113,RHYTHM
230,2342256,ALT
231,2635397,AIM
232,2346184,AIM
233,2351131,ALT
234,2350525,TECH
235,2352180,TECH
236,2911065,AIM
237,2699675,READING
238,2356072,STREAM
239,2358478,TECH
240,2389350,AIM
241,2407572,AIM
242,2404379,ALT
243,2361608,ALT
244,2362076,TECH
245,2363972,SPEED
246,2365928,STREAM
247,2365959,AIM
248,2367231,AIM
249,3847619,TECH
250,2367517,TECH
251,3886335,TECH
252,2371574,READING
253,2373569,STREAM
254,2374190,TECH
255,2548664,READING
256,2850073,TECH
257,2378332,SPEED
258,2793268,TECH
259,2381083,RHYTHM
260,2382312,SPEED
261,2384141,SPEED
262,2384823,ALT
263,2385598,READING
264,2386279,TECH
265,2407774,READING
266,2388297,ALT
267,2466446,AIM
268,2389623,AIM
269,296403,STREAM
270,2393405,ALT
271,2394332,AIM
272,2397444,TECH
273,2797918,STREAM
274,2900096,SPEED
275,2402931,AIM
276,2824457,STREAM
277,2405667,READING
278,2405862,STREAM
279,2405863,STREAM
280,2481649,STREAM
281,2454706,STREAM
282,2420209,AIM
283,3160790,AIM
284,3194930,AIM
285,2411758,TECH
286,2413242,SPEED
287,2414165,AIM
288,2415712,AIM
289,2735614,RHYTHM
290,2417422,RHYTHM
291,2417645,ALT
292,2532012,TECH
293,2557466,READING
294,2593942,READING
295,2420241,ALT
296,2420423,ALT
297,2422388,ALT
298,2535464,ALT
299,2422504,AIM
300,2422768,ALT
301,2423209,AIM
302,2430730,ALT
303,2461363,ALT
304,2438986,AIM
305,2432451,ALT
306,2439452,TECH
307,2433309,AIM
308,2565155,TECH
309,2437708,ALT
310,2580856,ALT
311,2438314,READING
312,2464094,ALT
313,2442178,ALT
314,2442646,AIM
315,2442838,ALT
316,3120531,SPEED
317,2445127,TECH
318,3168981,ALT
319,2446006,ALT
320,2447688,SPEED
321,2477122,READING
322,2449729,SPEED
323,2455776,STREAM
324,2450295,AIM
325,2458833,AIM
326,2451494,TECH
327,2452435,ALT
328,2453247,ALT
329,2457465,ALT
330,2457696,RHYTHM
331,2458659,READING
332,2947175,AIM
333,2459904,AIM
334,2461651,AIM
335,2944895,AIM
336,2461785,AIM
337,3420222,STREAM
338,2463364,STREAM
339,3157088,READING
340,2464763,AIM
341,2471716,ALT
342,2467615,READING
343,2505447,SPEED
344,2636406,STREAM
345,2471632,STREAM
346,2473757,ALT
347,433168,STREAM
348,408378,STREAM
349,2476072,ALT
350,2476349,ALT
351,2477065,STREAM
352,2477276,READING
353,2535560,READING
354,2478414,TECH
355,2479386,AIM
356,2483083,TECH
357,2540064,SPEED
358,2483949,ALT
359,2708956,TECH
360,2708957,TECH
361,2708960,TECH
362,2708967,TECH
363,2708970,TECH
364,2708972,TECH
365,2708979,TECH
366,2484453,TECH
367,2983271,TECH
368,2702113,AIM
369,2485418,STREAM
370,2632518,STREAM
371,2486401,TECH
372,2563869,ALT
373,2506968,ALT
374,3037832,SPEED
375,2499141,READING
376,2502827,SPEED
377,306669,STREAM
378,2541686,STREAM
379,306934,ALT
380,2526166,AIM
381,2493547,AIM
382,2494818,READING
383,2494819,READING
384,2494800,READING
385,2494801,READING
386,2495226,SPEED
387,2496721,SPEED
388,2496720,SPEED
389,2643592,READING
390,2500910,AIM
391,2501680,RHYTHM
392,2503401,AIM
393,2549543,ALT
394,2549390,RHYTHM
395,2561615,RHYTHM
396,2507884,RHYTHM
397,2508933,ALT
398,2510298,AIM
399,2510762,AIM
400,2600668,READING
401,2519013,ALT
402,2520179,TECH
403,2599344,TECH
404,2707715,TECH
405,2961289,ALT
406,2524623,AIM
407,2524652,READING
408,2525846,ALT
409,2527237,AIM
410,2528621,TECH
411,2529614,ALT
412,2692365,SPEED
413,2546512,SPEED
414,2848403,READING
415,2610929,TECH
416,2610932,TECH
417,3120370,READING
418,2768567,ALT
419,2535967,ALT
420,2778208,AIM
421,2536719,AIM
422,2538119,AIM
423,2631491,AIM
424,2540972,STREAM
425,2541432,TECH
426,2544752,ALT
427,2544397,STREAM
428,2982888,AIM
429,2982131,AIM
430,2551887,STREAM
431,2554582,READING
432,2814017,READING
433,2648427,ALT
434,2578464,TECH
435,2565902,STREAM
436,2577821,READING
437,2572531,ALT
438,2574379,READING
439,2574593,ALT
440,344620,ALT
441,2596103,ALT
442,2580586,TECH
443,2581265,ALT
444,2581632,TECH
445,2584598,READING
446,3464694,READING
447,2585154,AIM
448,2618028,AIM
449,2585452,TECH
450,2636342,AIM
451,2586617,ALT
452,317223,STREAM
453,2587503,STREAM
454,2592046,ALT
455,2588365,AIM
456,2588430,READING
457,2590503,ALT
458,2590943,ALT
459,2591255,AIM
460,2715559,ALT
461,2645666,ALT
462,2593243,ALT
463,2764088,STREAM
464,2593365,STREAM
465,2593923,AIM
466,2594030,STREAM
467,2595015,READING
468,2598804,STREAM
469,2599592,ALT
470,2602180,TECH
471,2819791,STREAM
472,2957123,AIM
473,2602090,AIM
474,2675215,ALT
475,2602817,AIM
476,3203995,AIM
477,2603315,AIM
478,2603689,ALT
479,3642686,ALT
480,2603698,READING
481,2603702,TECH
482,2603951,AIM
483,2991144,AIM
484,2612742,SPEED
485,3036752,SPEED
486,2613076,SPEED
487,3036753,SPEED
488,2613078,ALT
489,2613131,READING
490,2613136,STREAM
491,2613139,READING
492,2621145,TECH
493,2621146,TECH
494,2842819,ALT
495,2622415,ALT
496,2623008,ALT
497,2956199,ALT
498,3019856,ALT
499,3019857,ALT
500,2623951,AIM
501,2623952,AIM
502,2623967,READING
503,2624041,SPEED
504,2624042,ALT
505,2624071,RHYTHM
506,2624227,ALT
507,2689069,ALT
508,2625105,TECH
509,2730977,ALT
510,2625911,AIM
511,2880855,AIM
512,2630253,TECH
513,2631145,RHYTHM
514,2631156,RHYTHM
515,2656852,RHYTHM
516,2633634,RHYTHM
517,2631202,READING
518,2631924,TECH
519,2632448,TECH
520,2686649,ALT
521,2633136,ALT
522,2633668,TECH
523,2633685,ALT
524,2633688,STREAM
525,2633689,STREAM
526,2633704,READING
527,2633788,AIM
528,2633812,AIM
529,2998444,SPEED
530,2682098,AIM
531,2635981,SPEED
532,2647186,ALT
533,2636826,ALT
534,2692632,ALT
535,2711069,ALT
536,2681490,SPEED
537,2896717,TECH
538,2643101,ALT
539,2643106,TECH
540,4092694,READING
541,2643124,READING
542,2662957,READING
543,2643167,SPEED
544,3088664,READING
545,2643204,READING
546,2643263,READING
547,2644450,READING
548,2645786,ALT
549,2646355,AIM
550,2646589,RHYTHM
551,2910341,RHYTHM
552,3109277,RHYTHM
553,3132790,READING
554,2683045,AIM
555,2648402,AIM
556,2763055,AIM
557,2650207,READING
558,2650711,READING
559,2651784,ALT
560,2890690,READING
561,2651787,RHYTHM
562,2651796,SPEED
563,2651798,TECH
564,2651874,READING
565,2651889,ALT
566,2651888,READING
567,2718560,ALT
568,2681263,ALT
569,2658237,AIM
570,3238236,AIM
571,2659349,ALT
572,3661962,READING
573,2733296,TECH
574,2659353,TECH
575,2659360,READING
576,2659377,AIM
577,2659378,AIM
578,2661624,STREAM
579,2662619,READING
580,3077812,READING
581,2662928,TECH
582,2663197,ALT
583,2663198,ALT
584,2663767,TECH
585,3464413,TECH
586,2665344,ALT
587,2666993,TECH
588,2719943,TECH
589,2745135,ALT
590,2668591,ALT
591,2670759,STREAM
592,2670774,READING
593,2670817,TECH
594,3208691,SPEED
595,3208695,SPEED
596,2670866,TECH
597,2671061,STREAM
598,2673273,TECH
599,2674417,AIM
600,2674418,AIM
601,2674582,SPEED
602,2675756,AIM
603,2676534,AIM
604,2680247,SPEED
605,2680248,STREAM
606,2680283,ALT
607,2680328,TECH
608,2680834,ALT
609,2690998,ALT
610,2681970,ALT
611,2682168,AIM
612,2683086,READING
613,2771171,RHYTHM
614,2824130,ALT
615,2689459,SPEED
616,2689473,READING
617,2689496,READING
618,2716344,AIM
619,2689519,AIM
620,3272391,AIM
621,2689780,AIM
622,2689713,STREAM
623,2690695,SPEED
624,2731700,SPEED
625,2734199,AIM
626,2699107,AIM
627,2699135,ALT
628,2725845,ALT
629,2699190,AIM
630,2699218,SPEED
631,2699219,SPEED
632,3124446,TECH
633,2699240,TECH
634,3378486,READING
635,3226925,READING
636,2699419,READING
637,2700153,STREAM
638,2700747,READING
639,2701095,AIM
640,2701912,ALT
641,2930827,STREAM
642,2702380,STREAM
643,2702510,STREAM
644,2703486,AIM
645,3071694,RHYTHM
646,2725951,RHYTHM
647,2709524,RHYTHM
648,2707973,STREAM
649,2708442,AIM
650,2708946,ALT
651,2708949,STREAM
652,2708952,SPEED
653,2708955,AIM
654,2754917,RHYTHM
655,2708997,RHYTHM
656,2744506,RHYTHM
657,2709014,READING
658,2715016,ALT
659,2710347,AIM
660,347808,READING
661,2735049,AIM
662,2714989,AIM
663,2715370,AIM
664,2715945,SPEED
665,2716812,AIM
666,330273,STREAM
667,2908767,ALT
668,2717891,ALT
669,2987037,ALT
670,2718057,AIM
671,2732602,TECH
672,3672489,TECH
673,3022987,AIM
674,2719283,STREAM
675,2719284,STREAM
676,2719302,AIM
677,2719303,AIM
678,2719305,SPEED
679,2730819,READING
680,2732132,READING
681,2719334,READING
682,3197548,AIM
683,2719437,SPEED
684,3056718,SPEED
685,2719485,TECH
686,2719875,AIM
687,2722432,TECH
688,2728185,AIM
689,2966498,TECH
690,2725800,STREAM
691,2727221,ALT
692,2728312,AIM
693,2729687,ALT
694,2729871,TECH
695,3064811,TECH
696,2730613,SPEED
697,2730824,ALT
698,2731512,TECH
699,2733012,AIM
700,2733519,STREAM
701,2877353,AIM
702,2736518,ALT
703,2737076,RHYTHM
704,2741605,READING
705,3265935,READING
706,2744034,STREAM
707,2744036,STREAM
708,2745035,AIM
709,352863,TECH
710,2750312,READING
711,2750537,STREAM
712,2750909,AIM
713,2752177,STREAM
714,2866206,ALT
715,3345195,READING
716,2760729,AIM
717,2762042,ALT
718,2764447,ALT
719,3049607,SPEED
720,2958184,SPEED
721,3491872,READING
722,2766138,READING
723,2768528,ALT
724,2877776,READING
725,2773398,AIM
726,2776006,AIM
727,2956676,SPEED
728,2918191,TECH
729,2828902,ALT
730,2778415,READING
731,3256928,TECH
732,2955078,ALT
733,3591213,AIM
734,2784409,ALT
735,2784412,ALT
736,2784430,AIM
737,2985706,ALT
738,2785316,TECH
739,2785319,TECH
740,337500,SPEED
741,2786752,SPEED
742,2786753,SPEED
743,2786980,ALT
744,2788974,TECH
745,2791233,AIM
746,2792912,READING
747,2807987,STREAM
748,2793277,STREAM
749,2793545,READING
750,2797260,AIM
751,2797471,READING
752,2800663,READING
753,2798616,READING
754,2798816,AIM
755,3136589,SPEED
756,2800319,SPEED
757,2800493,READING
758,2800903,ALT
759,2800904,ALT
760,2802324,AIM
761,3592752,READING
762,2806059,READING
763,2807621,AIM
764,2808550,SPEED
765,2808923,AIM
766,3315765,READING
767,2810175,STREAM
768,2811348,STREAM
769,2882313,ALT
770,2811763,ALT
771,2813160,AIM
772,3054812,ALT
773,2815388,ALT
774,2987273,READING
775,2817148,ALT
776,2858703,READING
777,3116319,READING
778,2820485,READING
779,2821569,READING
780,2823660,READING
781,2826252,STREAM
782,2846585,TECH
783,3332588,TECH
784,2882382,STREAM
785,2829117,READING
786,2829202,AIM
787,2830198,ALT
788,2844390,AIM
789,2830402,SPEED
790,2830522,ALT
791,2830529,SPEED
792,2830530,SPEED
793,2830531,SPEED
794,3537132,READING
795,2831708,SPEED
796,2831724,STREAM
797,2831915,TECH
798,2834295,AIM
799,2834369,READING
800,2835869,AIM
801,2836542,ALT
802,2838467,STREAM
803,2839123,AIM
804,2839868,READING
805,2840384,AIM
806,2840670,AIM
807,2841428,STREAM
808,2842243,AIM
809,2843144,AIM
810,2843595,RHYTHM
811,2844883,ALT
812,2886136,READING
813,2863524,RHYTHM
814,2866498,RHYTHM
815,2923999,RHYTHM
816,2844963,RHYTHM
817,2857447,RHYTHM
818,2857448,RHYTHM
819,2952961,READING
820,2848898,TECH
821,2852116,ALT
822,3089972,AIM
823,2852980,AIM
824,3064155,READING
825,2853665,READING
826,2853674,STREAM
827,2853827,TECH
828,2854590,ALT
829,3162796,TECH
830,2855640,READING
831,2895386,READING
832,2856401,STREAM
833,2948446,STREAM
834,2861157,SPEED
835,2902017,STREAM
836,2861986,STREAM
837,2864285,AIM
838,2865359,TECH
839,2867706,TECH
840,2868387,TECH
841,2868388,TECH
842,2868791,TECH
843,2868859,READING
844,3274707,TECH
845,2887834,STREAM
846,2983479,STREAM
847,2872154,STREAM
848,3206402,STREAM
849,2872861,READING
850,2875433,STREAM
851,3199349,STREAM
852,2874944,STREAM
853,2875540,READING
854,2875960,AIM
855,2876300,AIM
856,2877058,AIM
857,2881154,SPEED
858,2881155,SPEED
859,2881158,ALT
860,3092421,STREAM
861,2943621,STREAM
862,2881612,AIM
863,2881614,READING
864,2883760,AIM
865,2884920,TECH
866,2887101,SPEED
867,2887788,AIM
868,3316856,ALT
869,2892136,SPEED
870,2893305,ALT
871,2942995,ALT
872,2893781,ALT
873,2894630,STREAM
874,2894759,READING
875,2897352,READING
876,3247654,READING
877,3215611,STREAM
878,3215610,STREAM
879,3215612,STREAM
880,4115350,TECH
881,2899154,TECH
882,2899404,ALT
883,2902005,AIM
884,2904484,AIM
885,3196895,AIM
886,2904852,STREAM
887,2905621,ALT
888,2906450,TECH
889,2907160,READING
890,3179700,STREAM
891,2907162,STREAM
892,3511354,STREAM
893,2907463,STREAM
894,2908440,AIM
895,4319277,TECH
896,2909940,READING
897,2909363,READING
898,2910033,READING
899,2910507,AIM
900,2915013,READING
901,2918000,READING
902,2918129,AIM
903,2939433,AIM
904,2921554,TECH
905,2922331,AIM
906,2924043,STREAM
907,2928250,ALT
908,2928684,AIM
909,2929068,TECH
910,2931693,STREAM
911,2932554,AIM
912,2935021,STREAM
913,2935152,READING
914,2937684,ALT
915,3969386,AIM
916,2938871,AIM
917,2940824,STREAM
918,2942890,READING
919,3205010,READING
920,2944309,READING
921,2944586,READING
922,3301096,READING
923,2946166,ALT
924,3009647,ALT
925,3003518,ALT
926,2946886,STREAM
927,3007644,READING
928,3034978,ALT
929,2948669,STREAM
930,2948910,AIM
931,2949396,TECH
932,3010492,TECH
933,3015861,TECH
934,3045026,TECH
935,2950420,AIM
936,2952884,ALT
937,2972132,SPEED
938,2972133,SPEED
939,2972134,SPEED
940,3024746,READING
941,2954047,READING
942,2954046,READING
943,2955445,STREAM
944,4329515,RHYTHM
945,2955543,RHYTHM
946,4329516,RHYTHM
947,2955544,RHYTHM
948,2956919,ALT
949,2957016,READING
950,2957440,STREAM
951,2960796,ALT
952,2960994,READING
953,4031711,READING
954,2963417,SPEED
955,2963964,TECH
956,2964073,ALT
957,2968055,ALT
958,2969095,TECH
959,2969098,TECH
960,2969151,SPEED
961,2969152,SPEED
962,2969484,STREAM
963,2970030,STREAM
964,2970762,STREAM
965,2971670,AIM
966,2976168,STREAM
967,2978860,ALT
968,2981278,SPEED
969,3249380,STREAM
970,2981463,STREAM
971,3298727,STREAM
972,3249379,SPEED
973,2981658,READING
974,3008005,READING
975,2986208,RHYTHM
976,2988239,AIM
977,2989093,ALT
978,3972763,SPEED
979,2996902,TECH
980,2989767,TECH
981,2990196,AIM
982,3176131,AIM
983,3017432,AIM
984,3003325,AIM
985,2994583,AIM
986,2994682,STREAM
987,2995484,AIM
988,2997437,READING
989,3100518,TECH
990,2997935,TECH
991,2998032,TECH
992,2998900,AIM
993,3155890,ALT
994,3004561,STREAM
995,3006869,STREAM
996,3007673,SPEED
997,3007674,SPEED
998,3008694,STREAM
999,3008709,STREAM
1000,3008876,SPEED
1001,3036398,AIM
1002,3011287,AIM
1003,3011678,AIM
1004,3012187,AIM
1005,3014360,TECH
1006,3019183,AIM
1007,3019994,AIM
1008,3020125,AIM
1009,3020230,STREAM
1010,3020545,TECH
1011,3020554,ALT
1012,3021082,READING
1013,364473,AIM
1014,3024505,AIM
1015,3025277,AIM
1016,3026858,AIM
1017,3028955,AIM
1018,3029722,STREAM
1019,3033108,ALT
1020,3033660,SPEED
1021,3033661,SPEED
1022,3033662,SPEED
1023,3033833,AIM
1024,3033881,ALT
1025,3033922,ALT
1026,3414615,AIM
1027,3036098,READING
1028,3220743,ALT
1029,3040755,AIM
1030,3040757,ALT
1031,3041751,AIM
1032,3042516,SPEED
1033,3045915,SPEED
1034,3045916,SPEED
1035,3046623,READING
1036,3046747,READING
1037,3061898,READING
1038,3048435,AIM
1039,3048737,TECH
1040,3166140,ALT
1041,3049239,ALT
1042,3076004,SPEED
1043,3114956,STREAM
1044,3052611,STREAM
1045,3055643,AIM
1046,3055720,READING
1047,3479041,AIM
1048,3056371,AIM
1049,3056372,AIM
1050,3056724,STREAM
1051,3056765,AIM
1052,3101226,AIM
1053,3057763,AIM
1054,3057790,AIM
1055,3059148,AIM
1056,3059149,AIM
1057,3059194,ALT
1058,3059216,TECH
1059,3902744,TECH
1060,3128267,TECH
1061,3063569,ALT
1062,3066436,TECH
1063,3066648,ALT
1064,3066712,AIM
1065,3067295,RHYTHM
1066,3067638,SPEED
1067,3088791,SPEED
1068,3093724,SPEED
1069,3077141,SPEED
1070,3967125,SPEED
1071,3068257,TECH
1072,3069490,STREAM
1073,3070802,READING
1074,3070926,ALT
1075,3071700,SPEED
1076,3071701,SPEED
1077,3071710,ALT
1078,3111801,SPEED
1079,3073476,STREAM
1080,3073484,READING
1081,3198204,READING
1082,3073509,TECH
1083,3076939,STREAM
1084,3079414,READING
1085,3079723,TECH
1086,3079740,TECH
1087,3079763,TECH
1088,3079834,TECH
1089,3080812,AIM
1090,3155647,AIM
1091,3081546,AIM
1092,3081700,TECH
1093,3081743,STREAM
1094,3081764,AIM
1095,3216930,RHYTHM
1096,3081766,RHYTHM
1097,3092245,RHYTHM
1098,3081776,READING
1099,3082062,TECH
1100,3082319,READING
1101,3169833,ALT
1102,3082601,ALT
1103,3359370,ALT
1104,3082675,STREAM
1105,3083355,AIM
1106,3083843,AIM
1107,3113327,ALT
1108,3085611,AIM
1109,3085953,AIM
1110,3113345,AIM
1111,3088183,READING
1112,3132548,ALT
1113,3266522,ALT
1114,3088405,ALT
1115,3088767,STREAM
1116,3089527,READING
1117,3093177,SPEED
1118,3574694,STREAM
1119,3093570,STREAM
1120,3136481,ALT
1121,3094292,ALT
1122,3096069,STREAM
1123,3095680,AIM
1124,3096550,STREAM
1125,3276914,SPEED
1126,3168251,ALT
1127,3097055,ALT
1128,3466093,ALT
1129,3130526,STREAM
1130,3099686,ALT
1131,3099250,ALT
1132,3101066,STREAM
1133,3103193,AIM
1134,3104522,AIM
1135,3106044,ALT
1136,3668738,READING
1137,3106078,READING
1138,3106411,SPEED
1139,3106412,SPEED
1140,3107394,ALT
1141,3107447,SPEED
1142,3107770,STREAM
1143,3108047,AIM
1144,3205949,STREAM
1145,3108159,STREAM
1146,3108533,TECH
1147,3126394,AIM
1148,3256307,AIM
1149,730865,AIM
1150,413428,READING
1151,3110178,ALT
1152,3113436,ALT
1153,3113565,TECH
1154,3114646,AIM
1155,3174919,AIM
1156,3956011,STREAM
1157,3117956,SPEED
1158,3118309,STREAM
1159,3119490,ALT
1160,3121734,AIM
1161,3503076,ALT
1162,3124371,ALT
1163,3446284,READING
1164,3126262,STREAM
1165,3127075,AIM
1166,3128609,STREAM
1167,3129534,SPEED
1168,3129573,AIM
1169,3129608,ALT
1170,3129609,ALT
1171,3129616,SPEED
1172,3130037,SPEED
1173,3130522,AIM
1174,3174951,AIM
1175,3131529,STREAM
1176,3133777,READING
1177,3133842,STREAM
1178,3133966,READING
1179,3134892,READING
1180,3134922,READING
1181,4052456,READING
1182,3138456,AIM
1183,3141635,READING
1184,3141680,STREAM
1185,3141681,STREAM
1186,3141685,STREAM
1187,3141738,READING
1188,3141960,STREAM
1189,3142119,READING
1190,3888991,READING
1191,3142494,AIM
1192,3142502,ALT
1193,3142503,ALT
1194,3194215,ALT
1195,3143258,ALT
1196,3245852,ALT
1197,3400213,STREAM
1198,3438674,STREAM
1199,3143524,STREAM
1200,3143545,SPEED
1201,3144020,ALT
1202,3144118,STREAM
1203,3144478,STREAM
1204,3144568,AIM
1205,3264070,ALT
1206,3149839,AIM
1207,3158362,READING
1208,3153499,TECH
1209,3153603,AIM
1210,3153797,AIM
1211,3153799,ALT
1212,3154009,READING
1213,3154664,READING
1214,3175889,READING
1215,3154742,SPEED
1216,3154777,STREAM
1217,3159058,SPEED
1218,3154786,SPEED
1219,3154807,READING
1220,3154808,READING
1221,3154910,ALT
1222,3155137,AIM
1223,3155269,TECH
1224,3155346,AIM
1225,3155576,READING
1226,3155806,ALT
1227,3156268,TECH
1228,3156822,AIM
1229,3157129,STREAM
1230,3296922,ALT
1231,3157178,ALT
1232,3157792,SPEED
1233,3159026,AIM
1234,3160752,ALT
1235,3161838,AIM
1236,3164386,TECH
1237,3167107,READING
1238,3167163,READING
1239,3168035,AIM
1240,3168048,STREAM
1241,3168353,ALT
1242,3563039,READING
1243,3168820,READING
1244,3168871,STREAM
1245,3169031,SPEED
1246,3169153,AIM
1247,3169154,AIM
1248,3169158,READING
1249,3169255,READING
1250,3169485,STREAM
1251,3169487,STREAM
1252,3169644,TECH
1253,3169717,STREAM
1254,3195200,TECH
1255,3169718,TECH
1256,3169762,AIM
1257,3169925,STREAM
1258,3169947,AIM
1259,3170081,STREAM
1260,3170110,TECH
1261,3170111,TECH
1262,3170309,READING
1263,3170501,STREAM
1264,1192179,READING
1265,3252055,READING
1266,3239350,TECH
1267,3172759,TECH
1268,3255549,TECH
1269,3173795,ALT
1270,3177993,AIM
1271,3181358,AIM
1272,3412256,STREAM
1273,3178933,STREAM
1274,3179736,TECH
1275,3179906,AIM
1276,3180049,STREAM
1277,3180180,AIM
1278,3180421,TECH
1279,3180887,READING
1280,3180896,SPEED
1281,3181160,ALT
1282,3181223,RHYTHM
1283,3181228,READING
1284,3534472,AIM
1285,3181298,AIM
1286,3181309,TECH
1287,3181310,ALT
1288,3181311,SPEED
1289,3181379,RHYTHM
1290,3471039,READING
1291,3181702,STREAM
1292,3182481,AIM
1293,3182720,SPEED
1294,3663461,ALT
1295,3183124,READING
1296,3183542,ALT
1297,3183543,ALT
1298,3186116,STREAM
1299,3186728,SPEED
1300,3290841,SPEED
1301,3855707,SPEED
1302,3186729,SPEED
1303,3677314,SPEED
1304,3191887,ALT
1305,3192005,STREAM
1306,3192013,SPEED
1307,3192695,AIM
1308,3192723,READING
1309,3192865,STREAM
1310,3193021,ALT
1311,3193037,SPEED
1312,3193038,SPEED
1313,3193055,READING
1314,4622058,READING
1315,3194470,STREAM
1316,3194831,AIM
1317,3194933,SPEED
1318,3195088,READING
1319,3196322,STREAM
1320,3196640,READING
1321,3196815,STREAM
1322,3197257,AIM
1323,3614534,READING
1324,3200293,AIM
1325,3200847,TECH
1326,3201572,SPEED
1327,3274180,READING
1328,3202675,READING
1329,3203760,AIM
1330,3204087,TECH
1331,3204596,SPEED
1332,3204875,SPEED
1333,3205101,STREAM
1334,3622090,TECH
1335,3205506,READING
1336,4277541,STREAM
1337,4277533,STREAM
1338,3205600,AIM
1339,3205607,SPEED
1340,3205624,ALT
1341,3205755,AIM
1342,3206068,STREAM
1343,3206205,STREAM
1344,3206479,READING
1345,3207056,ALT
1346,3506220,STREAM
1347,3209906,TECH
1348,3209907,TECH
1349,3209914,RHYTHM
1350,3210249,STREAM
1351,3213279,SPEED
1352,3214365,READING
1353,3370155,READING
1354,3756543,TECH
1355,3215025,TECH
1356,3215636,STREAM
1357,3216805,ALT
1358,3216821,AIM
1359,3216822,STREAM
1360,3216836,TECH
1361,3216899,READING
1362,3218068,AIM
1363,3218308,SPEED
1364,3218312,ALT
1365,3220509,READING
1366,3336990,STREAM
1367,3220851,STREAM
1368,3323779,ALT
1369,3338782,ALT
1370,3243261,ALT
1371,553131,SPEED
1372,3226703,READING
1373,3227479,SPEED
1374,3227488,ALT
1375,3227490,AIM
1376,3227615,READING
1377,3227634,STREAM
1378,3227911,SPEED
1379,3698760,RHYTHM
1380,3861178,RHYTHM
1381,3228585,SPEED
1382,3228863,READING
1383,3228964,AIM
1384,3242527,AIM
1385,3229006,AIM
1386,3766299,AIM
1387,3229017,STREAM
1388,4014111,SPEED
1389,3229021,TECH
1390,3229024,ALT
1391,3229026,ALT
1392,3654139,READING
1393,537808,SPEED
1394,3230638,AIM
1395,3230925,STREAM
1396,3230996,AIM
1397,3231680,AIM
1398,3251466,AIM
1399,3232580,AIM
1400,3232952,SPEED
1401,3395419,SPEED
1402,3382077,SPEED
1403,3232953,SPEED
1404,3645144,STREAM
1405,3238282,STREAM
1406,3240923,SPEED
1407,3247992,SPEED
1408,3250911,SPEED
1409,3241847,READING
1410,3241947,TECH
1411,3242494,STREAM
1412,3243028,AIM
1413,3243569,SPEED
1414,3243699,AIM
1415,3244371,TECH
1416,3871689,READING
1417,3245623,READING
1418,3245624,READING
1419,3386254,ALT
1420,3246377,ALT
1421,3248710,READING
1422,3250378,READING
1423,389051,READING
1424,3251845,TECH
1425,3251852,TECH
1426,3251854,STREAM
1427,3252012,AIM
1428,3257492,AIM
1429,3252187,SPEED
1430,3253646,ALT
1431,3256477,ALT
1432,3256946,AIM
1433,3257371,READING
1434,3311067,RHYTHM
1435,3257370,RHYTHM
1436,3258081,SPEED
1437,3258973,READING
1438,3273005,READING
1439,3259121,READING
1440,3259779,AIM
1441,3262088,READING
1442,3292033,SPEED
1443,3336632,SPEED
1444,3273801,READING
1445,3271237,READING
1446,3262142,READING
1447,3262706,AIM
1448,3264577,AIM
1449,3263082,AIM
1450,3263098,STREAM
1451,3263131,TECH
1452,3263248,ALT
1453,3281493,READING
1454,3265963,READING
1455,3266453,STREAM
1456,3266457,STREAM
1457,3267102,READING
1458,3267739,ALT
1459,391228,AIM
1460,3279104,TECH
1461,3273843,READING
1462,3274189,AIM
1463,3276028,AIM
1464,3276259,AIM
1465,3333126,READING
1466,3276724,STREAM
1467,3276740,TECH
1468,3277821,READING
1469,3278348,STREAM
1470,3303203,SPEED
1471,3279860,SPEED
1472,3292028,SPEED
1473,3296392,READING
1474,3283965,READING
1475,3360212,READING
1476,3287483,ALT
1477,3287485,SPEED
1478,3287699,AIM
1479,3287700,AIM
1480,4427465,STREAM
1481,4254659,STREAM
1482,3287875,TECH
1483,3288489,AIM
1484,3289187,AIM
1485,3290617,AIM
1486,3291091,ALT
1487,3302861,TECH
1488,3293892,TECH
1489,3296916,AIM
1490,3297498,SPEED
1491,3535586,READING
1492,3298595,READING
1493,3298593,READING
1494,3299352,AIM
1495,3299389,AIM
1496,3339094,READING
1497,3299406,STREAM
1498,3299411,ALT
1499,3301006,AIM
1500,3301542,SPEED
1501,3303545,SPEED
1502,3918045,READING
1503,3306030,READING
1504,3306067,READING
1505,3360089,STREAM
1506,3309668,SPEED
1507,3310526,STREAM
1508,3311073,READING
1509,4226838,READING
1510,3311170,AIM
1511,3311309,ALT
1512,3311312,SPEED
1513,3311337,TECH
1514,3311346,ALT
1515,3311465,ALT
1516,3311853,ALT
1517,3313008,AIM
1518,3313229,STREAM
1519,3313230,STREAM
1520,3314031,SPEED
1521,3324215,ALT
1522,3317900,READING
1523,3798632,READING
1524,3424645,AIM
1525,3319482,AIM
1526,3368030,AIM
1527,3319991,TECH
1528,3320026,STREAM
1529,3326604,READING
1530,3387671,RHYTHM
1531,3387672,RHYTHM
1532,396568,READING
1533,3320342,READING
1534,3321639,READING
1535,3322513,STREAM
1536,3322521,ALT
1537,3322526,TECH
1538,3322566,SPEED
1539,3322576,READING
1540,3322611,ALT
1541,3322613,STREAM
1542,3323522,ALT
1543,3325009,AIM
1544,3325486,ALT
1545,3325902,SPEED
1546,3340974,ALT
1547,3339805,ALT
1548,3339802,ALT
1549,3718674,ALT
1550,3361539,ALT
1551,3328759,STREAM
1552,3328812,ALT
1553,3329210,AIM
1554,3329838,AIM
1555,3345471,AIM
1556,3332936,STREAM
1557,3333669,STREAM
1558,3333699,ALT
1559,3333700,SPEED
1560,4097868,SPEED
1561,3333703,TECH
1562,3333705,AIM
1563,3333706,RHYTHM
1564,3333793,READING
1565,3335618,STREAM
1566,3335664,STREAM
1567,3335934,AIM
1568,3338221,RHYTHM
1569,3338592,AIM
1570,3338638,ALT
1571,3371358,ALT
1572,3340425,AIM
1573,3356020,READING
1574,3343830,READING
1575,3344473,AIM
1576,3837892,READING
1577,3348479,AIM
1578,3348789,AIM
1579,3348791,AIM
1580,3372493,AIM
1581,3350321,READING
1582,3351795,AIM
1583,3352759,TECH
1584,3353695,STREAM
1585,3356836,STREAM
1586,3362080,READING
1587,3358433,AIM
1588,3359658,STREAM
1589,3365041,ALT
1590,3370053,SPEED
1591,3370125,AIM
1592,3370732,READING
1593,3451214,READING
1594,3373876,STREAM
1595,3376899,READING
1596,3530101,READING
1597,3381022,TECH
1598,3476213,READING
1599,403276,ALT
1600,3385806,AIM
1601,3394925,AIM
1602,3385967,STREAM
1603,3385971,STREAM
1604,3386357,AIM
1605,3386358,AIM
1606,3386362,AIM
1607,3386365,AIM
1608,3387972,READING
1609,3394240,READING
1610,3849200,READING
1611,3442404,ALT
1612,3441538,ALT
1613,3398960,TECH
1614,3399783,READING
1615,3408291,READING
1616,3400091,READING
1617,3404946,STREAM
1618,3414894,READING
1619,3406394,RHYTHM
1620,3409171,READING
1621,3427711,AIM
1622,3409202,AIM
1623,3410035,TECH
1624,3411137,READING
1625,3563737,READING
1626,3411415,READING
1627,3412022,AIM
1628,3412659,AIM
1629,3459288,RHYTHM
1630,3412816,RHYTHM
1631,3413771,AIM
1632,3414737,ALT
1633,3415866,AIM
1634,3415931,STREAM
1635,3992308,RHYTHM
1636,3419890,RHYTHM
1637,4433609,RHYTHM
1638,3421603,SPEED
1639,3423554,TECH
1640,3434883,TECH
1641,3426456,AIM
1642,3426722,ALT
1643,3449740,STREAM
1644,3430156,ALT
1645,3431450,AIM
1646,3431510,STREAM
1647,3496317,AIM
1648,3432911,READING
1649,3527079,AIM
1650,3461976,READING
1651,3435073,AIM
1652,3436604,AIM
1653,3436822,READING
1654,3437664,READING
1655,3438148,AIM
1656,3438866,READING
1657,3445605,ALT
1658,3448524,AIM
1659,3448872,SPEED
1660,3487424,AIM
1661,3450300,READING
1662,3452047,RHYTHM
1663,3452905,AIM
1664,3457750,TECH
1665,3460058,READING
1666,3457821,READING
1667,3505833,READING
1668,3453813,READING
1669,3457382,AIM
1670,3459995,SPEED
1671,3460267,READING
1672,3516421,TECH
1673,3461183,ALT
1674,3465034,STREAM
1675,3616425,STREAM
1676,3644487,STREAM
1677,3616426,STREAM
1678,3468405,SPEED
1679,3468502,SPEED
1680,467155,AIM
1681,465548,AIM
1682,411291,AIM
1683,3471158,AIM
1684,3471407,AIM
1685,3471755,TECH
1686,3471880,STREAM
1687,3476108,TECH
1688,3478971,TECH
1689,3478407,ALT
1690,3815518,READING
1691,3902022,ALT
1692,3481302,STREAM
1693,3481520,ALT
1694,3481594,SPEED
1695,3481595,SPEED
1696,3481620,SPEED
1697,3482929,SPEED
1698,3481644,TECH
1699,3483534,STREAM
1700,3483579,SPEED
1701,3486287,AIM
1702,3566528,AIM
1703,3487772,AIM
1704,3598884,TECH
1705,3488829,READING
1706,3576352,ALT
1707,3542398,AIM
1708,3626223,AIM
1709,3592328,READING
1710,3491419,STREAM
1711,3491877,SPEED
1712,3493160,STREAM
1713,3493282,SPEED
1714,3494038,AIM
1715,3494362,STREAM
1716,3495298,AIM
1717,3496104,AIM
1718,3498454,AIM
1719,3498809,SPEED
1720,3500174,TECH
1721,3501296,ALT
1722,3502280,AIM
1723,3502281,AIM
1724,3503003,AIM
1725,3503549,AIM
1726,3503811,READING
1727,3563454,READING
1728,3504030,ALT
1729,3504470,AIM
1730,3506560,AIM
1731,3508127,READING
1732,3529703,ALT
1733,3511701,READING
1734,3524081,ALT
1735,3524063,ALT
1736,3513215,READING
1737,3513233,READING
1738,3513428,ALT
1739,3513437,AIM
1740,3513774,AIM
1741,3514299,TECH
1742,3514870,AIM
1743,3515032,ALT
1744,3522654,AIM
1745,3523280,AIM
1746,3523496,STREAM
1747,3795143,READING
1748,3524633,STREAM
1749,3524634,STREAM
1750,879312,ALT
1751,996136,ALT
1752,3528869,ALT
1753,3529084,READING
1754,3532385,SPEED
1755,3667132,AIM
1756,3533719,READING
1757,3535138,AIM
1758,3535240,AIM
1759,3535254,TECH
1760,3535277,AIM
1761,3535284,READING
1762,3597015,READING
1763,3559124,READING
1764,3538794,READING
1765,3729086,READING
1766,3540767,READING
1767,3542643,AIM
1768,3543498,TECH
1769,3544033,AIM
1770,3545864,AIM
1771,3546673,READING
1772,3548474,ALT
1773,3727749,READING
1774,3813026,ALT
1775,3552546,ALT
1776,3552791,READING
1777,3554263,TECH
1778,3564151,ALT
1779,3555094,TECH
1780,3555246,READING
1781,3555564,STREAM
1782,3555764,READING
1783,3556182,READING
1784,3557930,AIM
1785,3557042,AIM
1786,3557351,SPEED
1787,3557468,STREAM
1788,3626545,READING
1789,3557551,READING
1790,3572825,READING
1791,3558871,READING
1792,3559066,ALT
1793,3561488,RHYTHM
1794,3562042,RHYTHM
1795,3749454,ALT
1796,3562538,ALT
1797,3563901,AIM
1798,3564083,AIM
1799,3566497,AIM
1800,3568595,SPEED
1801,3569371,READING
1802,3569465,AIM
1803,3572505,AIM
1804,3578125,READING
1805,3579711,AIM
1806,3580334,SPEED
1807,3580335,STREAM
1808,3580415,SPEED
1809,3580580,TECH
1810,3582592,READING
1811,3584740,STREAM
1812,3585903,AIM
1813,3586373,READING
1814,3588149,TECH
1815,3588248,TECH
1816,3702674,TECH
1817,3588298,READING
1818,3589449,STREAM
1819,3589968,ALT
1820,3590290,AIM
1821,3591499,AIM
1822,3591502,STREAM
1823,3591637,STREAM
1824,3591639,ALT
1825,3591641,READING
1826,3629681,SPEED
1827,3629355,SPEED
1828,3591993,TECH
1829,3692029,ALT
1830,3595032,READING
1831,3595089,STREAM
1832,3942223,ALT
1833,3787741,ALT
1834,3732444,ALT
1835,3596820,STREAM
1836,3597185,AIM
1837,3602276,AIM
1838,3597317,SPEED
1839,3597413,SPEED
1840,3598920,STREAM
1841,3618070,STREAM
1842,3600532,STREAM
1843,3600295,AIM
1844,3601680,ALT
1845,3601683,ALT
1846,3601681,ALT
1847,3617054,READING
1848,3603350,ALT
1849,3603353,TECH
1850,3604159,READING
1851,3605633,STREAM
1852,3606973,SPEED
1853,3613686,SPEED
1854,3607430,AIM
1855,3658138,READING
1856,3608995,READING
1857,3815215,TECH
1858,3611958,SPEED
1859,3612033,STREAM
1860,3612059,AIM
1861,3646009,READING
1862,3614024,READING
1863,3614900,RHYTHM
1864,3612221,READING
1865,3613490,AIM
1866,3613604,AIM
1867,3629621,READING
1868,3616997,AIM
1869,3652298,ALT
1870,3620057,AIM
1871,3622063,AIM
1872,3622207,SPEED
1873,3622209,AIM
1874,3622269,READING
1875,3622236,READING
1876,3622253,SPEED
1877,3622335,STREAM
1878,3622609,STREAM
1879,3624005,STREAM
1880,3624869,READING
1881,3626543,READING
1882,4365768,AIM
1883,3625240,READING
1884,3628568,AIM
1885,3756517,AIM
1886,3632423,AIM
1887,3632723,AIM
1888,3994398,READING
1889,3996029,READING
1890,3633292,SPEED
1891,3634631,ALT
1892,3634861,READING
1893,3639234,READING
1894,2446307,READING
1895,3642233,AIM
1896,3642791,STREAM
1897,3643658,READING
1898,3643939,TECH
1899,3644162,AIM
1900,3644151,AIM
1901,3644248,ALT
1902,3644373,SPEED
1903,3644550,READING
1904,3724615,STREAM
1905,3644971,STREAM
1906,3644997,STREAM
1907,4007262,READING
1908,3742273,SPEED
1909,3646774,SPEED
1910,3646995,AIM
1911,3647040,ALT
1912,3647295,STREAM
1913,3648051,RHYTHM
1914,3648077,STREAM
1915,3783072,STREAM
1916,3650832,STREAM
1917,3664739,READING
1918,3651636,RHYTHM
1919,3767159,READING
1920,3651733,SPEED
1921,3654412,SPEED
1922,3654635,READING
1923,3654792,SPEED
1924,431717,READING
1925,3659002,AIM
1926,3679590,TECH
1927,3660035,TECH
1928,3661258,AIM
1929,3661259,AIM
1930,3662624,STREAM
1931,3666367,SPEED
1932,3666371,TECH
1933,3666381,AIM
1934,3666388,READING
1935,3686466,READING
1936,3666429,STREAM
1937,3666433,AIM
1938,3666616,ALT
1939,3686198,ALT
1940,3686559,READING
1941,3667847,READING
1942,3667849,ALT
1943,3668376,STREAM
1944,3668377,STREAM
1945,3701013,STREAM
1946,3678648,READING
1947,3668660,TECH
1948,3668781,READING
1949,3669562,SPEED
1950,3722196,STREAM
1951,3732759,STREAM
1952,3671891,STREAM
1953,3672989,AIM
1954,3684715,READING
1955,3673161,READING
1956,3689911,STREAM
1957,3675267,STREAM
1958,3678555,STREAM
1959,3675154,STREAM
1960,3677660,TECH
1961,3678427,STREAM
1962,3678729,AIM
1963,3678730,AIM
1964,3679284,STREAM
1965,3680112,TECH
1966,3681164,AIM
1967,3681168,AIM
1968,3681169,AIM
1969,3681170,AIM
1970,3682179,AIM
1971,4058452,READING
1972,3708437,AIM
1973,3688347,STREAM
1974,3688379,READING
1975,3688491,SPEED
1976,3688541,AIM
1977,3688566,SPEED
1978,3688567,SPEED
1979,3688644,RHYTHM
1980,3688650,TECH
1981,3688688,SPEED
1982,3688768,READING
1983,3689703,TECH
1984,3691864,READING
1985,3694159,ALT
1986,3722072,ALT
1987,3772455,ALT
1988,3696318,AIM
1989,3696696,TECH
1990,3696815,AIM
1991,3698747,STREAM
1992,3700073,STREAM
1993,3701299,STREAM
1994,3703899,AIM
1995,3708690,AIM
1996,3710505,AIM
1997,3710533,READING
1998,3710534,ALT
1999,3710704,STREAM
2000,3903620,SPEED
2001,3861065,SPEED
2002,3711134,ALT
2003,3711541,SPEED
2004,3711612,READING
2005,3711676,TECH
2006,3711739,SPEED
2007,3714679,ALT
2008,3714678,ALT
2009,3723927,TECH
2010,3716153,TECH
2011,3716154,TECH
2012,3716155,TECH
2013,3716156,TECH
2014,3716158,TECH
2015,3716151,READING
2016,3717470,READING
2017,3718236,STREAM
2018,3968518,STREAM
2019,4100718,READING
2020,3721147,READING
2021,3751036,READING
2022,3721150,ALT
2023,3721334,STREAM
2024,3721406,SPEED
2025,3721961,READING
2026,3722340,READING
2027,3722538,AIM
2028,4039287,AIM
2029,3722666,READING
2030,3725129,AIM
2031,4063366,STREAM
2032,4065131,STREAM
2033,4063445,STREAM
2034,3726392,READING
2035,3726854,SPEED
2036,3736115,ALT
2037,3729621,ALT
2038,3745080,ALT
2039,3879086,ALT
2040,3730947,STREAM
2041,3731322,RHYTHM
2042,4311614,SPEED
2043,3731412,SPEED
2044,3731556,TECH
2045,3731630,AIM
2046,3732377,READING
2047,3735218,AIM
2048,3732612,AIM
2049,3732638,TECH
2050,3734845,ALT
2051,3734887,ALT
2052,3798298,READING
2053,3847842,STREAM
2054,3736355,STREAM
2055,3736423,ALT
2056,3736979,AIM
2057,3759043,AIM
2058,3738244,AIM
2059,3740467,STREAM
2060,4020280,STREAM
2061,3740872,TECH
2062,3741923,TECH
2063,3742196,SPEED
2064,3742247,TECH
2065,3743096,READING
2066,3743481,ALT
2067,3743840,READING
2068,3744413,AIM
2069,3744646,STREAM
2070,3749446,AIM
2071,3745163,ALT
2072,3747453,STREAM
2073,3751387,SPEED
2074,3751557,READING
2075,3928631,READING
2076,438187,AIM
2077,3752651,TECH
2078,3752660,READING
2079,4081438,TECH
2080,3753759,TECH
2081,3754093,TECH
2082,3754400,AIM
2083,3754403,ALT
2084,3754404,ALT
2085,3754408,ALT
2086,3797817,ALT
2087,3754409,ALT
2088,3754435,READING
2089,3754518,SPEED
2090,801512,AIM
2091,3755042,STREAM
2092,3755125,SPEED
2093,3755499,AIM
2094,3755996,READING
2095,3756345,STREAM
2096,3768723,READING
2097,3784997,TECH
2098,3773543,READING
2099,3763098,ALT
2100,3763108,SPEED
2101,3763961,ALT
2102,3764497,TECH
2103,3764512,READING
2104,3764514,ALT
2105,3764516,SPEED
2106,3764531,READING
2107,4622531,STREAM
2108,4622532,STREAM
2109,3764532,STREAM
2110,3764538,READING
2111,3764599,AIM
2112,3765312,READING
2113,3765498,AIM
2114,3765501,STREAM
2115,3828142,TECH
2116,3832950,TECH
2117,3775432,TECH
2118,3783721,TECH
2119,3783722,TECH
2120,3811148,TECH
2121,3800479,READING
2122,3768437,AIM
2123,3770735,STREAM
2124,3770736,STREAM
2125,4679393,STREAM
2126,4303291,STREAM
2127,3773248,STREAM
2128,4241682,STREAM
2129,4033854,STREAM
2130,3774970,ALT
2131,3774271,ALT
2132,3774971,ALT
2133,3774972,ALT
2134,3774312,TECH
2135,3774598,SPEED
2136,3774948,AIM
2137,3775002,READING
2138,3775492,ALT
2139,4492500,READING
2140,3777926,STREAM
2141,3967225,STREAM
2142,3791682,READING
2143,3781843,AIM
2144,3783035,AIM
2145,3783036,AIM
2146,3783209,TECH
2147,3784101,SPEED
2148,3784848,READING
2149,3784851,AIM
2150,3784870,ALT
2151,4196256,ALT
2152,3784872,TECH
2153,3784901,STREAM
2154,3790303,READING
2155,3810198,ALT
2156,3812091,RHYTHM
2157,3792530,SPEED
2158,3792648,AIM
2159,3792658,AIM
2160,3792787,STREAM
2161,3793449,STREAM
2162,3793468,STREAM
2163,3793473,TECH
2164,3793494,ALT
2165,3793499,READING
2166,3880642,AIM
2167,3793506,AIM
2168,3994108,AIM
2169,3793524,READING
2170,3793696,STREAM
2171,3793711,ALT
2172,3793751,AIM
2173,442037,ALT
2174,3795523,READING
2175,3798091,RHYTHM
2176,3853782,READING
2177,3802129,AIM
2178,3802251,SPEED
2179,3802256,AIM
2180,3802263,AIM
2181,3802267,STREAM
2182,3802292,ALT
2183,3802313,TECH
2184,3802323,READING
2185,3802851,ALT
2186,442839,AIM
2187,3821298,RHYTHM
2188,3805780,AIM
2189,3849068,ALT
2190,3807785,ALT
2191,3846619,ALT
2192,3809444,AIM
2193,3811441,ALT
2194,3812192,AIM
2195,3812596,AIM
2196,3815921,AIM
2197,4007723,AIM
2198,3813937,READING
2199,3813988,STREAM
2200,3817199,SPEED
2201,3822204,AIM
2202,3823402,SPEED
2203,3826148,READING
2204,3973991,ALT
2205,3829064,TECH
2206,3829636,SPEED
2207,3829891,SPEED
2208,3829913,STREAM
2209,3830393,ALT
2210,3830777,SPEED
2211,3831206,ALT
2212,3831252,AIM
2213,3831280,TECH
2214,590343,AIM
2215,3837137,STREAM
2216,3832127,TECH
2217,3832471,AIM
2218,3832752,RHYTHM
2219,3832960,AIM
2220,3834738,AIM
2221,3836604,AIM
2222,3853301,RHYTHM
2223,3890184,ALT
2224,3875735,ALT
2225,3841084,ALT
2226,3841928,AIM
2227,3841983,SPEED
2228,4363500,READING
2229,3876888,TECH
2230,3843162,TECH
2231,3873060,TECH
2232,3845085,TECH
2233,3846435,TECH
2234,3848080,AIM
2235,3849288,AIM
2236,4282514,READING
2237,3851186,SPEED
2238,3851515,AIM
2239,3929092,ALT
2240,3886514,ALT
2241,3851543,ALT
2242,3851585,TECH
2243,3868452,TECH
2244,3852084,SPEED
2245,3875038,READING
2246,3853931,READING
2247,3855505,READING
2248,3859442,READING
2249,3859443,READING
2250,3859444,READING
2251,3860776,SPEED
2252,3871976,READING
2253,3860777,READING
2254,3860779,STREAM
2255,3860803,TECH
2256,3860843,AIM
2257,3860941,READING
2258,3861077,ALT
2259,3861036,AIM
2260,3862207,AIM
2261,3862211,READING
2262,3862399,AIM
2263,3862457,AIM
2264,3863490,AIM
2265,3954641,STREAM
2266,3865932,READING
2267,3868556,AIM
2268,3868590,SPEED
2269,4018748,SPEED
2270,3868642,ALT
2271,3869499,AIM
2272,3871505,AIM
2273,3871511,SPEED
2274,4045289,ALT
2275,3973593,ALT
2276,3871698,ALT
2277,4596739,SPEED
2278,3871710,SPEED
2279,3871738,TECH
2280,3871753,STREAM
2281,4052088,READING
2282,3873382,READING
2283,3893986,READING
2284,3878466,ALT
2285,3879769,ALT
2286,3879889,AIM
2287,3880108,STREAM
2288,3880109,STREAM
2289,3880527,TECH
2290,3880894,AIM
2291,3880936,SPEED
2292,3889200,RHYTHM
2293,3889346,ALT
2294,3889677,ALT
2295,3893425,AIM
2296,3890657,AIM
2297,3909823,STREAM
2298,3890663,STREAM
2299,4392407,SPEED
2300,3906694,RHYTHM
2301,3917117,RHYTHM
2302,3902320,RHYTHM
2303,3900737,RHYTHM
2304,3890672,RHYTHM
2305,3890682,READING
2306,3891200,TECH
2307,4065085,READING
2308,3900708,STREAM
2309,3899689,READING
2310,3900362,AIM
2311,3902584,TECH
2312,4334972,READING
2313,3902589,ALT
2314,3903393,STREAM
2315,4021668,STREAM
2316,4021669,STREAM
2317,3903603,READING
2318,3904331,STREAM
2319,4306269,ALT
2320,3910028,STREAM
2321,4501758,READING
2322,4013493,SPEED
2323,3914449,READING
2324,3915319,READING
2325,3915464,AIM
2326,3915938,AIM
2327,3916356,STREAM
2328,3917025,AIM
2329,3917717,SPEED
2330,3942646,SPEED
2331,3920273,SPEED
2332,3920671,TECH
2333,3964756,STREAM
2334,3990086,READING
2335,3920782,READING
2336,3921148,READING
2337,3921746,READING
2338,3921753,AIM
2339,4072940,AIM
2340,4018779,READING
2341,4380440,STREAM
2342,4377067,STREAM
2343,4377500,STREAM
2344,3924244,ALT
2345,4317678,SPEED
2346,4317680,SPEED
2347,3925362,SPEED
2348,4317681,SPEED
2349,4317684,SPEED
2350,3930382,TECH
2351,3931035,READING
2352,3948895,ALT
2353,3932485,ALT
2354,3932615,STREAM
2355,4001990,STREAM
2356,4283381,SPEED
2357,3933105,READING
2358,4017108,SPEED
2359,3933767,SPEED
2360,4017109,SPEED
2361,3934391,READING
2362,3960880,ALT
2363,3939123,ALT
2364,3940599,READING
2365,4013774,AIM
2366,3944144,STREAM
2367,4166422,STREAM
2368,3946158,STREAM
2369,4403746,STREAM
2370,4000950,STREAM
2371,4467037,STREAM
2372,4424145,STREAM
2373,3975714,STREAM
2374,3947978,READING
2375,3951798,SPEED
2376,4209387,SPEED
2377,3954384,SPEED
2378,456291,ALT
2379,4082717,READING
2380,4538386,ALT
2381,4231822,ALT
2382,3960235,SPEED
2383,3960236,SPEED
2384,3960237,SPEED
2385,3960240,SPEED
2386,3960241,SPEED
2387,3963553,SPEED
2388,3966597,READING
2389,3967162,TECH
2390,3967161,TECH
2391,3969588,AIM
2392,4005291,AIM
2393,3993830,AIM
2394,3992315,AIM
2395,3968104,AIM
2396,3972881,READING
2397,3972882,READING
2398,3968917,READING
2399,3970781,AIM
2400,3970809,STREAM
2401,3970823,RHYTHM
2402,4039248,ALT
2403,3971313,ALT
2404,3971467,READING
2405,3972414,READING
2406,3978649,SPEED
2407,4081520,ALT
2408,4056517,ALT
2409,4035737,ALT
2410,3979221,ALT
2411,3979647,AIM
2412,3997830,AIM
2413,3987090,AIM
2414,4007720,READING
2415,3985812,READING
2416,3985811,READING
2417,3985927,SPEED
2418,3985928,SPEED
2419,3985929,SPEED
2420,3985930,SPEED
2421,3985931,SPEED
2422,3986909,AIM
2423,3986984,STREAM
2424,4006827,READING
2425,3987607,SPEED
2426,3988338,READING
2427,3988647,ALT
2428,3989529,ALT
2429,3991128,RHYTHM
2430,3992279,READING
2431,3992278,READING
2432,4057648,TECH
2433,4014152,TECH
2434,3994351,AIM
2435,3994480,STREAM
2436,4056791,ALT
2437,3997710,AIM
2438,3997852,AIM
2439,4027437,AIM
2440,4000327,STREAM
2441,4017181,STREAM
2442,4101418,STREAM
2443,4001061,SPEED
2444,4001315,STREAM
2445,4001389,SPEED
2446,4005105,SPEED
2447,4007957,SPEED
2448,4001727,READING
2449,40017,READING
2450,4003336,AIM
2451,4753267,TECH
2452,4006415,TECH
2453,4753272,TECH
2454,4009988,STREAM
2455,4010479,READING
2456,4010812,AIM
2457,4010877,SPEED
2458,4011040,STREAM
2459,4011061,ALT
2460,4011742,ALT
2461,4011946,TECH
2462,4015373,STREAM
2463,4017391,READING
2464,4019749,TECH
2465,674932,SPEED
2466,4020786,STREAM
2467,4134579,STREAM
2468,4021552,ALT
2469,4024170,STREAM
2470,4071712,STREAM
2471,4068994,AIM
2472,4026373,AIM
2473,4274308,AIM
2474,4027752,AIM
2475,4033979,READING
2476,4027884,TECH
2477,4028641,AIM
2478,4031445,AIM
2479,4031832,SPEED
2480,4034455,ALT
2481,4036413,AIM
2482,4039671,AIM
2483,463136,STREAM
2484,4056632,TECH
2485,4104860,TECH
2486,4159319,TECH
2487,4041747,TECH
2488,4041748,TECH
2489,4042137,AIM
2490,4081891,READING
2491,4042315,READING
2492,4046760,AIM
2493,4048863,READING
2494,4049615,TECH
2495,4050215,SPEED
2496,4051071,STREAM
2497,4051845,READING
2498,4053606,STREAM
2499,4062351,ALT
2500,4057190,ALT
2501,4060358,READING
2502,4226409,SPEED
2503,4060806,SPEED
2504,4060807,SPEED
2505,4061078,AIM
2506,4061109,READING
2507,4061363,TECH
2508,4120999,ALT
2509,4065519,ALT
2510,4069801,READING
2511,4070918,AIM
2512,4071590,STREAM
2513,4319264,SPEED
2514,4072252,SPEED
2515,4072324,READING
2516,4074836,READING
2517,4100751,READING
2518,4076789,AIM
2519,4076864,ALT
2520,4080273,READING
2521,4082654,SPEED
2522,4081860,ALT
2523,4116470,READING
2524,4082394,ALT
2525,4087609,AIM
2526,4094568,READING
2527,4082981,RHYTHM
2528,4084803,AIM
2529,4086426,AIM
2530,4091819,READING
2531,4093457,STREAM
2532,4093491,READING
2533,4093595,TECH
2534,4093667,AIM
2535,4094398,AIM
2536,4096455,SPEED
2537,4100496,READING
2538,4099189,ALT
2539,4103526,AIM
2540,4121336,READING
2541,4103558,READING
2542,4103678,TECH
2543,4103862,SPEED
2544,4103881,ALT
2545,4153758,ALT
2546,4308969,AIM
2547,4308968,READING
2548,4105538,SPEED
2549,4107647,TECH
2550,4108168,READING
2551,4108342,ALT
2552,4109562,ALT
2553,4111667,READING
2554,4111938,AIM
2555,4112496,READING
2556,4112747,AIM
2557,4772296,READING
2558,4113257,READING
2559,4113449,AIM
2560,4402802,STREAM
2561,4113668,READING
2562,4113710,ALT
2563,4113746,READING
2564,4114465,READING
2565,4114615,SPEED
2566,4114826,READING
2567,4116267,SPEED
2568,4156376,READING
2569,4116631,READING
2570,4119358,ALT
2571,4183703,ALT
2572,4121936,STREAM
2573,4122129,READING
2574,4122168,ALT
2575,4122999,ALT
2576,4222041,ALT
2577,4222042,ALT
2578,4134134,READING
2579,4125499,ALT
2580,4170171,SPEED
2581,4130247,SPEED
2582,4130112,READING
2583,4131039,AIM
2584,4131111,RHYTHM
2585,4283591,RHYTHM
2586,4412268,ALT
2587,4131123,ALT
2588,4131129,SPEED
2589,4131130,SPEED
2590,4131201,AIM
2591,4278478,AIM
2592,4131233,SPEED
2593,4131316,RHYTHM
2594,4131933,AIM
2595,4191546,ALT
2596,4132253,ALT
2597,4141145,AIM
2598,4134924,AIM
2599,4140737,ALT
2600,4140873,READING
2601,4143600,STREAM
2602,4145550,SPEED
2603,4166035,READING
2604,4145857,STREAM
2605,4146045,TECH
2606,484890,STREAM
2607,4186358,AIM
2608,4151582,ALT
2609,4151583,ALT
2610,4155229,STREAM
2611,4155780,TECH
2612,4207511,TECH
2613,4248116,RHYTHM
2614,4181765,RHYTHM
2615,4158577,RHYTHM
2616,4207799,RHYTHM
2617,4164211,AIM
2618,4159745,AIM
2619,4160128,ALT
2620,4164086,TECH
2621,4164087,TECH
2622,763289,ALT
2623,4168827,READING
2624,4269943,READING
2625,4169023,SPEED
2626,4172720,READING
2627,4176525,READING
2628,4234626,SPEED
2629,4177202,STREAM
2630,4178040,ALT
2631,4178373,TECH
2632,4626952,TECH
2633,4178415,SPEED
2634,4197530,SPEED
2635,4179280,READING
2636,4234921,AIM
2637,4179282,AIM
2638,4179283,AIM
2639,4182613,READING
2640,4183039,ALT
2641,4209315,ALT
2642,4592709,READING
2643,4262004,READING
2644,4186421,READING
2645,4186745,SPEED
2646,4187144,STREAM
2647,4189739,STREAM
2648,4190716,STREAM
2649,4195021,SPEED
2650,4195400,READING
2651,4196518,TECH
2652,4196519,TECH
2653,4196584,AIM
2654,4196780,READING
2655,4196783,TECH
2656,4197023,READING
2657,4197025,SPEED
2658,4198873,READING
2659,4199287,READING
2660,4202636,READING
2661,4205229,READING
2662,4206360,STREAM
2663,4207467,READING
2664,4261090,TECH
2665,4210354,TECH
2666,4210971,READING
2667,4326859,ALT
2668,4213063,ALT
2669,4213425,AIM
2670,4215845,READING
2671,4215879,READING
2672,4215882,SPEED
2673,4215965,STREAM
2674,4215985,ALT
2675,4216108,AIM
2676,4216118,STREAM
2677,4216541,ALT
2678,4220830,TECH
2679,4236076,ALT
2680,4228825,ALT
2681,4234183,ALT
2682,4243859,ALT
2683,4221006,ALT
2684,4221265,AIM
2685,4225477,STREAM
2686,4225819,ALT
2687,4637337,ALT
2688,4316417,SPEED
2689,4225904,SPEED
2690,4235605,SPEED
2691,4226108,AIM
2692,4226165,AIM
2693,4226271,STREAM
2694,4226272,AIM
2695,4226273,SPEED
2696,4226738,TECH
2697,4227645,READING
2698,4227646,READING
2699,4228118,SPEED
2700,4229595,AIM
2701,4229598,AIM
2702,4230323,AIM
2703,4233871,ALT
2704,483199,STREAM
2705,4236382,STREAM
2706,4236387,ALT
2707,4236525,AIM
2708,4237197,AIM
2709,4237912,TECH
2710,4238281,ALT
2711,4238418,ALT
2712,4469976,ALT
2713,4238480,SPEED
2714,4239024,ALT
2715,4241261,READING
2716,4243780,AIM
2717,4246654,SPEED
2718,4246897,AIM
2719,4246935,SPEED
2720,4247133,STREAM
2721,4280072,READING
2722,4251172,STREAM
2723,4254423,TECH
2724,4255412,SPEED
2725,4259049,READING
2726,4260723,STREAM
2727,4260790,READING
2728,4261871,READING
2729,4264443,TECH
2730,4265269,ALT
2731,4265663,TECH
2732,4265911,ALT
2733,4452323,READING
2734,4451221,READING
2735,4266007,STREAM
2736,4266238,READING
2737,4267100,READING
2738,4267493,TECH
2739,4267656,READING
2740,4270838,STREAM
2741,4274997,AIM
2742,4275833,READING
2743,4275850,ALT
2744,4275962,SPEED
2745,4276007,READING
2746,4450922,STREAM
2747,4276946,STREAM
2748,4276948,STREAM
2749,4277471,STREAM
2750,4278109,TECH
2751,4278165,AIM
2752,4278266,READING
2753,4278285,AIM
2754,4282925,ALT
2755,4283937,READING
2756,4292547,READING
2757,4284780,AIM
2758,4469966,TECH
2759,4390273,TECH
2760,4284810,TECH
2761,4302205,TECH
2762,4284814,TECH
2763,4284969,ALT
2764,4608517,ALT
2765,4286644,AIM
2766,4287675,AIM
2767,4288486,AIM
2768,4292341,RHYTHM
2769,4540987,TECH
2770,4630529,TECH
2771,4292677,TECH
2772,4295723,TECH
2773,4296282,READING
2774,4353714,AIM
2775,4392030,AIM
2776,4465776,READING
2777,4392934,READING
2778,4302884,TECH
2779,4302954,READING
2780,4303461,READING
2781,4325297,READING
2782,4305891,AIM
2783,486253,ALT
2784,4310206,AIM
2785,4311859,TECH
2786,4314180,ALT
2787,4314181,ALT
2788,4315624,TECH
2789,4315924,AIM
2790,4315925,AIM
2791,4327687,READING
2792,4322543,TECH
2793,4323161,AIM
2794,4325844,AIM
2795,4325920,TECH
2796,4328691,ALT
2797,4368808,ALT
2798,4328855,READING
2799,4329390,STREAM
2800,4331875,AIM
2801,4332922,ALT
2802,4335677,ALT
2803,4336970,READING
2804,4337333,READING
2805,4337666,STREAM
2806,4337667,STREAM
2807,4337668,STREAM
2808,4343206,STREAM
2809,4339591,READING
2810,4339847,TECH
2811,4348854,ALT
2812,4356114,ALT
2813,4342484,ALT
2814,4344423,READING
2815,4344435,AIM
2816,4344441,ALT
2817,4344442,TECH
2818,4392103,STREAM
2819,4347684,READING
2820,4351786,ALT
2821,4411600,ALT
2822,4389850,READING
2823,4352411,READING
2824,4352488,READING
2825,4352856,ALT
2826,4353816,READING
2827,4353856,ALT
2828,4631919,READING
2829,4358041,READING
2830,4362192,AIM
2831,4360132,ALT
2832,4365819,READING
2833,4368338,AIM
2834,4368554,READING
2835,4376808,AIM
2836,4368595,AIM
2837,4368609,ALT
2838,4368631,READING
2839,4371084,TECH
2840,4371625,AIM
2841,4725729,READING
2842,4376248,ALT
2843,4390203,READING
2844,4376532,READING
2845,4494314,STREAM
2846,4376782,ALT
2847,4376786,AIM
2848,4376790,TECH
2849,4376803,SPEED
2850,4376804,AIM
2851,4377326,TECH
2852,4380250,AIM
2853,4384589,ALT
2854,4391464,ALT
2855,4384633,ALT
2856,4384634,ALT
2857,4384637,TECH
2858,4486048,STREAM
2859,4384672,TECH
2860,4384690,READING
2861,4384706,READING
2862,4385160,READING
2863,4386400,READING
2864,4386897,ALT
2865,4439007,READING
2866,4392947,AIM
2867,4392963,READING
2868,4392973,ALT
2869,4500092,READING
2870,4483942,STREAM
2871,4393042,SPEED
2872,4393043,READING
2873,4393055,READING
2874,4416884,READING
2875,4394769,AIM
2876,4638573,READING
2877,4418140,SPEED
2878,4421686,AIM
2879,4434877,ALT
2880,495776,STREAM
2881,4446255,ALT
2882,4436256,READING
2883,4496879,STREAM
2884,4427350,READING
2885,4443377,ALT
2886,4430197,ALT
2887,4431131,ALT
2888,4438720,ALT
2889,4447485,TECH
2890,4452129,AIM
2891,4452178,SPEED
2892,4453805,SPEED
2893,4462402,TECH
2894,4602531,READING
2895,4875895,ALT
2896,4784141,ALT
2897,4474940,SPEED
2898,4596058,SPEED
2899,4485821,SPEED
2900,4562027,SPEED
2901,4483053,READING
2902,4487663,STREAM
2903,4487659,STREAM
2904,4492762,SPEED
2905,4493247,TECH
2906,4494048,TECH
2907,4493259,SPEED
2908,4493903,AIM
2909,4497568,STREAM
2910,4499622,TECH
2911,4500248,SPEED
2912,4501918,READING
2913,4503171,ALT
2914,4507223,TECH
2915,4508508,READING
2916,4519119,STREAM
2917,4520566,ALT
2918,4524264,ALT
2919,4524265,ALT
2920,4524268,ALT
2921,4524271,ALT
2922,4524272,ALT
2923,4525597,READING
2924,4525966,STREAM
2925,4525967,STREAM
2926,4532900,ALT
2927,4534601,ALT
2928,4543641,READING
2929,4543987,ALT
2930,4547639,ALT
2931,4554752,READING
2932,4555323,STREAM
2933,4555546,AIM
2934,4580060,STREAM
2935,4560980,STREAM
2936,4557457,STREAM
2937,4558083,AIM
2938,4562987,SPEED
2939,690982,SPEED
2940,4592867,AIM
2941,4579499,AIM
2942,4579522,AIM
2943,4580483,ALT
2944,4585831,RHYTHM
2945,4585832,RHYTHM
2946,4585833,RHYTHM
2947,4588186,RHYTHM
2948,676575,READING
2949,4605483,READING
2950,4605501,SPEED
2951,4617718,READING
2952,4618593,TECH
2953,4622442,TECH
2954,4622473,TECH
2955,4622760,TECH
2956,4625804,STREAM
2957,4625827,TECH
2958,4625828,TECH
2959,4630386,ALT
2960,4639331,AIM
2961,4646919,TECH
2962,4646927,ALT
2963,4646981,TECH
2964,4647035,AIM
2965,4647050,STREAM
2966,4653245,ALT
2967,4654341,ALT
2968,4654390,SPEED
2969,4663324,AIM
2970,4665271,ALT
2971,4667313,ALT
2972,4673550,READING
2973,4673567,SPEED
2974,4681624,ALT
2975,4682222,READING
2976,4682422,READING
2977,4682572,STREAM
2978,4684351,SPEED
2979,4692054,TECH
2980,4692949,STREAM
2981,4693055,ALT
2982,4697630,SPEED
2983,4697631,SPEED
2984,4697632,SPEED
2985,4697633,SPEED
2986,4697634,SPEED
2987,4697635,SPEED
2988,4697636,SPEED
2989,4697637,SPEED
2990,4714257,READING
2991,4703544,READING
2992,4704025,ALT
2993,4704035,TECH
2994,4714401,TECH
2995,4720822,ALT
2996,4722227,SPEED
2997,4722272,STREAM
2998,4723710,TECH
2999,4745841,TECH
3000,4746101,READING
3001,4748054,STREAM
3002,4749537,SPEED
3003,4758533,TECH
3004,4760269,TECH
3005,523376,STREAM
3006,523527,ALT
3007,4767168,SPEED
3008,4767968,ALT
3009,523661,AIM
3010,4786716,ALT
3011,526757,STREAM
3012,4799883,READING
3013,4804625,TECH
3014,4805574,ALT
3015,4805621,TECH
3016,4805627,SPEED
3017,4811200,ALT
3018,4829650,STREAM
3019,4829681,AIM
3020,4829785,READING
3021,4829849,ALT
3022,4829851,TECH
3023,4831466,RHYTHM
3024,4831571,ALT
3025,4836943,ALT
3026,4837918,STREAM
3027,4844095,STREAM
3028,4838497,SPEED
3029,4838717,AIM
3030,4841211,ALT
3031,4841278,TECH
3032,4881495,READING
3033,4847511,ALT
3034,4856577,READING
3035,4847519,READING
3036,4852482,ALT
3037,4855553,SPEED
3038,4864391,AIM
3039,4864412,READING
3040,4864424,SPEED
3041,4872301,AIM
3042,4872735,TECH
3043,4872765,ALT
3044,631361,SPEED
3045,888980,SPEED
3046,4881475,READING
3047,4881668,TECH
3048,4881934,ALT
3049,4881932,READING
3050,4881933,READING
3051,4882051,RHYTHM
3052,533593,READING
3053,535189,AIM
3054,547566,SPEED
3055,717133,SPEED
3056,547874,STREAM
3057,553465,STREAM
3058,648129,READING
3059,716398,ALT
3060,800502,ALT
3061,637477,STREAM
3062,635679,STREAM
3063,633375,AIM
3064,589969,STREAM
3065,594307,AIM
3066,602917,AIM
3067,609843,STREAM
3068,618865,STREAM
3069,623277,AIM
3070,626475,TECH
3071,722894,AIM
3072,706817,AIM
3073,638383,AIM
3074,638551,AIM
3075,690608,AIM
3076,655680,SPEED
3077,687530,SPEED
3078,759823,ALT
3079,656915,ALT
3080,661705,AIM
3081,658127,STREAM
3082,658561,STREAM
3083,675217,SPEED
3084,663887,STREAM
3085,666825,AIM
3086,817929,AIM
3087,670501,ALT
3088,2255738,READING
3089,673275,TECH
3090,776594,SPEED
3091,701033,ALT
3092,682994,ALT
3093,689290,AIM
3094,692495,READING
3095,716625,AIM
3096,2775197,READING
3097,703657,AIM
3098,703905,AIM
3099,740692,AIM
3100,711757,AIM
3101,711923,SPEED
3102,718156,STREAM
3103,722844,SPEED
3104,724194,STREAM
3105,1900365,AIM
3106,1265343,SPEED
3107,764014,AIM
3108,743896,STREAM
3109,816327,AIM
3110,744672,SPEED
3111,744673,SPEED
3112,749780,STREAM
3113,753001,AIM
3114,756508,AIM
3115,760779,STREAM
3116,763002,TECH
3117,764310,AIM
3118,2816020,STREAM
3119,765740,STREAM
3120,767203,STREAM
3121,773553,AIM
3122,228493,READING
3123,777074,AIM
3124,778603,ALT
3125,821336,ALT
3126,779179,STREAM
3127,781061,AIM
3128,782160,AIM
3129,792989,SPEED
3130,789815,STREAM
3131,796634,STREAM
3132,795867,STREAM
3133,797658,STREAM
3134,803197,AIM
3135,803199,AIM
3136,3059190,STREAM
3137,803798,STREAM
3138,806325,SPEED
3139,807074,STREAM
3140,882272,AIM
3141,1008851,AIM
3142,819641,AIM
3143,821238,ALT
3144,827835,ALT
3145,821785,AIM
3146,903738,STREAM
3147,903740,STREAM
3148,824359,ALT
3149,827228,AIM
3150,829336,AIM
3151,948389,AIM
3152,832750,ALT
3153,837694,AIM
3154,837946,AIM
3155,839569,AIM
3156,840538,AIM
3157,841064,AIM
3158,1152014,TECH
3159,845378,SPEED
3160,895331,AIM
3161,847386,AIM
3162,847977,AIM
3163,862511,AIM
3164,853167,AIM
3165,853625,AIM
3166,856273,ALT
3167,856743,SPEED
3168,860793,AIM
3169,944802,AIM
3170,939072,AIM
3171,861381,AIM
3172,863037,AIM
3173,946853,AIM
3174,2905151,AIM
3175,973046,TECH
3176,869222,STREAM
3177,927672,STREAM
3178,405059,ALT
3179,944864,AIM
3180,942085,AIM
3181,880321,AIM
3182,1659458,READING
3183,890915,ALT
3184,881313,AIM
3185,887621,AIM
3186,888010,AIM
3187,888021,AIM
3188,890329,STREAM
3189,966177,TECH
3190,929118,SPEED
3191,893916,SPEED
3192,202756,ALT
3193,894744,STREAM
3194,899018,STREAM
3195,902716,STREAM
3196,2228709,STREAM
3197,904030,TECH
3198,1177658,SPEED
3199,1177665,SPEED
3200,908297,ALT
3201,915058,AIM
3202,918428,AIM
3203,932178,AIM
3204,974939,AIM
3205,927754,AIM
3206,3943818,SPEED
3207,921621,SPEED
3208,922916,ALT
3209,923912,READING
3210,977198,TECH
3211,928612,STREAM
3212,929941,SPEED
3213,943380,SPEED
3214,929999,AIM
3215,930307,AIM
3216,932430,AIM
3217,135804,AIM
3218,1050476,AIM
3219,935455,AIM
3220,942522,AIM
3221,945157,TECH
3222,958282,READING
3223,958819,STREAM
3224,138830,READING
3225,1166289,ALT
3226,1160949,ALT
3227,962454,ALT
3228,966034,READING
3229,968137,ALT
3230,969324,AIM
3231,970077,AIM
3232,970233,STREAM
3233,974352,SPEED
3234,975153,AIM
3235,975385,AIM
3236,2194972,ALT
3237,980313,AIM
3238,984508,READING
3239,986861,SPEED
3240,986233,RHYTHM
3241,986375,AIM
3242,988403,STREAM
3243,992437,TECH
3244,1013338,ALT
3245,1009456,AIM
3246,999720,AIM
3247,1002857,SPEED
3248,1010809,AIM
3249,1011046,STREAM
3250,1566024,SPEED
3251,1110881,AIM
3252,1013839,SPEED
3253,1014449,STREAM
3254,1016954,ALT
3255,1020570,READING
3256,1242897,STREAM
3257,1039801,STREAM
3258,2040764,SPEED
3259,2039543,SPEED
3260,2039544,SPEED
3261,1029307,SPEED
3262,1036841,AIM
3263,1250652,AIM
3264,1056128,TECH
3265,1392244,TECH
3266,157272,SPEED
3267,2047227,SPEED
3268,2037204,SPEED
3269,1045650,AIM
3270,1046293,AIM
3271,1046536,AIM
3272,161159,READING
3273,1049018,ALT
3274,1050582,READING
3275,1081936,AIM
3276,1053810,AIM
3277,1282214,STREAM
3278,1062720,STREAM
3279,1083622,STREAM
3280,1063714,READING
3281,1073986,AIM
3282,1520670,READING
3283,1066809,AIM
3284,1240583,AIM
3285,154988,READING
3286,1075888,ALT
3287,1108149,SPEED
3288,1083202,ALT
3289,1253062,ALT
3290,1086052,STREAM
3291,1350672,READING
3292,1172150,SPEED
3293,1093352,AIM
3294,1099473,SPEED
3295,1102785,AIM
3296,1102101,AIM
3297,1104057,STREAM
3298,1430944,STREAM
3299,1361805,STREAM
3300,1255288,STREAM
3301,2817560,STREAM
3302,1251181,STREAM
3303,1408381,STREAM
3304,1733764,STREAM
3305,1106704,TECH
3306,1389624,STREAM
3307,1127547,AIM
3308,1120317,AIM
3309,1173428,AIM
3310,1113343,TECH
3311,1113412,SPEED
3312,1114404,AIM
3313,1115206,AIM
3314,1115999,READING
3315,1117247,ALT
3316,1119135,STREAM
3317,3833484,ALT
3318,3699025,ALT
3319,3533483,ALT
3320,3809913,ALT
3321,3643457,ALT
3322,3533482,ALT
3323,1120184,ALT
3324,1121616,AIM
3325,1124857,AIM
3326,1149435,ALT
3327,1124889,ALT
3328,1125656,READING
3329,1126317,ALT
3330,1167475,ALT
3331,1826546,AIM
3332,1127971,READING
3333,1129951,AIM
3334,1130281,TECH
3335,2272898,AIM
3336,1132818,TECH
3337,1134070,TECH
3338,1137879,READING
3339,1142960,READING
3340,1140087,ALT
3341,1142251,AIM
3342,1308975,AIM
3343,1236951,TECH
3344,2047528,ALT
3345,1162811,AIM
3346,1283136,ALT
3347,1152893,STREAM
3348,1155302,AIM
3349,1710158,ALT
3350,1652184,ALT
3351,1158582,STREAM
3352,1243846,STREAM
3353,1164369,ALT
3354,1164568,READING
3355,1166126,READING
3356,1389757,TECH
3357,1172819,SPEED
3358,1226282,AIM
3359,1176292,SPEED
3360,1178184,ALT
3361,1218637,ALT
3362,1188172,SPEED
3363,1245365,SPEED
3364,1236720,READING
3365,1182474,AIM
3366,1184638,TECH
3367,1183208,TECH
3368,1188021,AIM
3369,1194232,AIM
3370,1194389,READING
3371,1267531,TECH
3372,1245276,AIM
3373,1206896,READING
3374,1207223,AIM
3375,1207948,READING
3376,1214269,AIM
3377,1215044,READING
3378,1217021,TECH
3379,1225022,AIM
3380,1228840,READING
3381,1229493,STREAM
3382,1480798,TECH
3383,1234064,READING
3384,179070,STREAM
3385,1239244,ALT
3386,1241370,STREAM
3387,1289675,AIM
3388,1241924,READING
3389,1242895,TECH
3390,1414172,AIM
3391,1244144,AIM
3392,1725575,AIM
3393,1244306,TECH
3394,1359623,READING
3395,1307142,READING
3396,1252022,TECH
3397,1260053,AIM
3398,1282958,AIM
3399,2044749,READING
3400,1269406,TECH
3401,1427449,READING
3402,1580728,READING
3403,1277591,READING
3404,1765587,ALT
3405,1278874,READING
3406,1290123,AIM
3407,1294084,ALT
3408,1295194,AIM
3409,1299008,TECH
3410,1300245,READING
3411,1300480,SPEED
3412,1629264,AIM
3413,1306932,ALT
3414,1307021,AIM
3415,1310371,STREAM
3416,1323758,STREAM
3417,1313278,READING
3418,1313279,READING
3419,1314212,AIM
3420,1314214,AIM
3421,1316353,ALT
3422,1317186,STREAM
3423,1319547,AIM
3424,1399911,AIM
3425,1926671,AIM
3426,1693566,AIM
3427,1329273,STREAM
3428,1491731,ALT
3429,1505029,TECH
3430,1345661,TECH
3431,1347584,SPEED
3432,1347794,AIM
3433,3532244,AIM
3434,3532245,AIM
3435,1349819,READING
3436,1351114,TECH
3437,1352046,READING
3438,1672322,AIM
3439,2201741,READING
3440,1360912,AIM
3441,1361429,AIM
3442,1363025,SPEED
3443,1363026,SPEED
3444,1389955,ALT
3445,1389956,READING
3446,1367498,ALT
3447,1368564,TECH
3448,1374121,AIM
3449,1378892,TECH
3450,1399834,TECH
3451,1387233,ALT
3452,1437419,ALT
3453,191771,ALT
3454,259355,ALT
3455,1395839,READING
3456,1390577,TECH
3457,1392159,AIM
3458,1413113,ALT
3459,1414767,ALT
3460,1398847,STREAM
3461,1597668,TECH
3462,1639734,TECH
3463,1403900,TECH
3464,1487797,TECH
3465,1478117,TECH
3466,4674879,ALT
3467,1408543,AIM
3468,1413705,AIM
3469,1415526,READING
3470,1417945,AIM
3471,1418230,AIM
3472,1424776,READING
3473,1421048,STREAM
3474,1421593,TECH
3475,1426038,TECH
3476,1430822,TECH
3477,1430468,TECH
3478,1436998,READING
3479,1453416,READING
3480,1429457,TECH
3481,1430234,ALT
3482,1432834,AIM
3483,1433159,AIM
3484,1434424,STREAM
3485,1468581,TECH
3486,1438557,TECH
3487,1441404,AIM
3488,1451733,ALT
3489,1451540,ALT
3490,1476104,ALT
3491,1473283,STREAM
3492,1461594,ALT
3493,1457148,TECH
3494,1458349,SPEED
3495,1458351,SPEED
3496,1464961,SPEED
3497,1501410,TECH
3498,1469136,TECH
3499,1469240,STREAM
3500,1474888,TECH
3501,1499427,STREAM
3502,1476242,STREAM
3503,1505285,STREAM
3504,1481149,READING
3505,1481140,ALT
3506,1496794,READING
3507,1544643,AIM
3508,2934611,READING
3509,1486534,READING
3510,1572141,ALT
3511,1490015,AIM
3512,1490377,READING
3513,1493143,ALT
3514,1493345,AIM
3515,2972901,READING
3516,2933401,READING
3517,2868857,READING
3518,1498067,READING
3519,1502216,ALT
3520,1503624,AIM
3521,1505778,READING
3522,3500303,READING
3523,1512807,TECH
3524,1513180,READING
3525,1566511,READING
3526,1513645,AIM
3527,1514679,AIM
3528,1515987,TECH
3529,1515961,TECH
3530,1584261,ALT
3531,1569488,ALT
3532,1520526,AIM
3533,1521299,TECH
3534,1608992,TECH
3535,1839779,READING
3536,1603080,ALT
3537,1524996,READING
3538,1538480,TECH
3539,1538272,TECH
3540,1530253,SPEED
3541,1530633,ALT
3542,1570419,READING
3543,289256,READING
3544,1536487,AIM
3545,1536489,AIM
3546,1536491,AIM
3547,1554749,ALT
3548,1539911,STREAM
3549,2020375,TECH
3550,2020379,TECH
3551,1544460,ALT
3552,1631406,TECH
3553,1547617,ALT
3554,1549194,ALT
3555,1557509,ALT
3556,1559554,TECH
3557,1559618,AIM
3558,1566216,READING
3559,1566379,READING
3560,1575838,TECH
3561,1569152,TECH
3562,1593690,SPEED
3563,1846898,SPEED
3564,1632337,SPEED
3565,211903,READING
3566,1576337,TECH
3567,1614500,SPEED
3568,1626385,SPEED
3569,1582287,STREAM
3570,1582594,TECH
3571,1582806,RHYTHM
3572,1582809,RHYTHM
3573,1582902,READING
3574,1585398,ALT
3575,1614716,TECH
3576,1585979,TECH
3577,2269122,ALT
3578,1594712,READING
3579,1661565,SPEED
3580,2111279,SPEED
3581,1600415,STREAM
3582,1601020,ALT
3583,1601387,STREAM
3584,1809909,READING
3585,1809913,READING
3586,1609215,TECH
3587,1822965,STREAM
3588,1918015,STREAM
3589,2839573,SPEED
3590,2249015,SPEED
3591,250406,STREAM
3592,1623173,TECH
3593,1627302,READING
3594,1627723,ALT
3595,1629799,AIM
3596,1630565,AIM
3597,1632332,ALT
3598,1634629,READING
3599,1641637,READING
3600,1648053,SPEED
3601,1644648,SPEED
3602,1649482,TECH
3603,1809151,AIM
3604,1656879,TECH
3605,1657723,TECH
3606,2138306,READING
3607,1659594,AIM
3608,1660932,ALT
3609,1665868,STREAM
3610,1669918,TECH
3611,1671244,TECH
3612,1672165,ALT
3613,1675384,AIM
3614,1679837,STREAM
3615,1681360,STREAM
3616,1685051,AIM
3617,1682101,AIM
3618,1693573,STREAM
3619,1714161,STREAM
3620,1922693,ALT
3621,1685542,READING
3622,1685793,STREAM
3623,1690244,AIM
3624,1690552,READING
3625,1693575,TECH
3626,1694583,TECH
3627,1730139,TECH
3628,1701711,AIM
3629,1702581,RHYTHM
3630,1777047,READING
3631,1707233,ALT
3632,1707318,AIM
3633,1717644,ALT
3634,1719416,AIM
3635,1721284,STREAM
3636,1721685,AIM
3637,2101513,TECH
3638,1725155,READING
3639,1726857,TECH
3640,1734156,TECH
3641,1726866,ALT
3642,1727534,ALT
3643,1727589,AIM
3644,1751716,TECH
3645,3316178,TECH
3646,1731978,ALT
3647,1734494,TECH
3648,1734796,AIM
3649,2540332,STREAM
3650,1736935,STREAM
3651,1738176,TECH
3652,1741529,TECH
3653,1761581,SPEED
3654,1746520,ALT
3655,1747614,AIM
3656,1903509,TECH
3657,1749360,SPEED
3658,1766008,STREAM
3659,1753120,ALT
3660,1945237,TECH
3661,1872812,STREAM
3662,1774893,AIM
3663,1848985,AIM
3664,1759213,TECH
3665,1760614,READING
3666,1763938,STREAM
3667,1774140,STREAM
3668,1766668,STREAM
3669,1767646,TECH
3670,1770883,AIM
3671,1771619,STREAM
3672,233351,READING
3673,1773968,AIM
3674,1773969,AIM
3675,3168762,SPEED
3676,1779343,STREAM
3677,1781806,ALT
3678,1877600,STREAM
3679,1784484,TECH
3680,1785185,READING
3681,1791443,AIM
3682,1979409,AIM
3683,2083660,AIM
3684,1803114,ALT
3685,1803313,STREAM
3686,1886627,ALT
3687,1805438,TECH
3688,1806531,ALT
3689,1845341,TECH
3690,1810154,AIM
3691,1810374,SPEED
3692,1844382,TECH
3693,1815278,TECH
3694,1958096,TECH
3695,1815675,READING
3696,1816733,ALT
3697,1818604,ALT
3698,1820714,AIM
3699,1855513,STREAM
3700,1825921,STREAM
3701,1823875,STREAM
3702,1826137,SPEED
3703,1826476,READING
3704,1826868,AIM
3705,2200923,ALT
3706,1853452,ALT
3707,1831051,SPEED
3708,1833710,SPEED
3709,1836239,ALT
3710,1843708,ALT
3711,1884623,ALT
3712,1849148,ALT
3713,1836468,READING
3714,1836687,STREAM
3715,1837350,TECH
3716,1838079,ALT
3717,1838165,STREAM
3718,1840640,READING
3719,1842847,AIM
3720,1846365,TECH
3721,1850246,SPEED
3722,1848230,AIM
3723,1849738,STREAM
3724,2153771,ALT
3725,1850085,ALT
3726,1898492,ALT
3727,1853276,READING
3728,2185872,SPEED
3729,2185873,SPEED
3730,2185874,SPEED
3731,2185875,SPEED
3732,2185876,SPEED
3733,2185877,SPEED
3734,2185878,SPEED
3735,2775527,AIM
3736,2247921,ALT
3737,1856461,ALT
3738,1856597,STREAM
3739,1856805,ALT
3740,1857147,TECH
3741,1858570,TECH
3742,1926338,TECH
3743,1858669,TECH
3744,1859321,AIM
3745,1860287,AIM
3746,1860746,READING
3747,1862509,ALT
3748,1862521,ALT
3749,1862523,ALT
3750,1862525,ALT
3751,1863869,TECH
3752,1865095,ALT
3753,2626412,READING
3754,1935880,ALT
3755,1872562,AIM
3756,1873115,ALT
3757,1928795,TECH
3758,1879954,AIM
3759,1912693,AIM
3760,1884274,SPEED
3761,1886199,AIM
3762,1886940,AIM
3763,1888082,ALT
3764,1888862,READING
3765,2006067,TECH
3766,1914735,TECH
3767,1891490,TECH
3768,1889232,STREAM
3769,1890080,AIM
3770,2079597,STREAM
3771,1894825,TECH
3772,368238,SPEED
3773,1899759,TECH
3774,1958945,AIM
3775,2760786,AIM
3776,3434973,AIM
3777,2035586,AIM
3778,1898558,READING
3779,1898559,READING
3780,1898560,READING
3781,1898692,AIM
3782,2018065,AIM
3783,2119593,AIM
3784,1899011,STREAM
3785,1899894,AIM
3786,1906795,AIM
3787,1912895,READING
3788,2009432,TECH
3789,1924965,READING
3790,1918242,ALT
3791,1918328,ALT
3792,1918539,ALT
3793,1919057,ALT
3794,1921070,ALT
3795,1921396,READING
3796,1922035,READING
3797,2324475,STREAM
3798,1924480,AIM
3799,1943166,TECH
3800,1947202,ALT
3801,1930104,TECH
3802,1931061,RHYTHM
3803,1931547,AIM
3804,2035706,AIM
3805,1943282,AIM
3806,2316728,TECH
3807,1935726,ALT
3808,1992475,READING
3809,1956157,STREAM
3810,1939633,READING
3811,2248322,READING
3812,2004588,READING
3813,1963418,READING
3814,1940924,ALT
3815,1943013,ALT
3816,251596,ALT
3817,1945547,RHYTHM
3818,1943786,RHYTHM
3819,1946996,ALT
3820,251792,READING
3821,2627328,AIM
3822,252103,STREAM
3823,1957429,STREAM
3824,1964152,STREAM
3825,1967172,READING
3826,1956743,STREAM
3827,1957780,AIM
3828,2054203,ALT
3829,1961046,AIM
3830,723079,STREAM
3831,1962655,AIM
3832,2037834,SPEED
3833,1965652,AIM
3834,1965863,ALT
3835,1970032,ALT
3836,1966391,TECH
3837,1971718,TECH
3838,1978717,STREAM
3839,1983303,STREAM
3840,1972166,TECH
3841,1972913,TECH
3842,1978280,ALT
3843,1973805,ALT
3844,1988332,ALT
3845,1974409,AIM
3846,1976327,STREAM
3847,1977809,AIM
3848,1990062,SPEED
3849,2053468,AIM
3850,1979831,AIM
3851,1985100,ALT
3852,2011390,ALT
3853,1992967,TECH
3854,1993340,STREAM
3855,2002055,AIM
3856,2003682,AIM
3857,2004420,AIM
3858,2005865,ALT
3859,2226932,ALT
3860,2006097,RHYTHM
3861,2006819,SPEED
3862,2010058,SPEED
3863,2006569,SPEED
3864,2007309,TECH
3865,3975099,AIM
3866,2069236,READING
3867,2009537,READING
3868,2009577,ALT
3869,2009579,ALT
3870,2022406,ALT
3871,2014556,STREAM
3872,2015643,STREAM
3873,2017276,STREAM
3874,2066867,AIM
3875,897279,STREAM
3876,2027183,READING
3877,2036340,STREAM
3878,2020028,STREAM
3879,3065019,TECH
3880,3006239,TECH
3881,2023935,TECH
3882,2024314,ALT
3883,2024333,TECH
3884,2025459,ALT
3885,2026680,ALT
3886,2833172,STREAM
3887,2026805,STREAM
3888,2031188,STREAM
3889,2027382,STREAM
3890,2028397,ALT
3891,2074994,ALT
3892,2028973,ALT
3893,2087044,TECH
3894,2034284,TECH
3895,2035761,ALT
3896,2052627,ALT
3897,4146007,ALT
3898,2040438,TECH
3899,2049110,TECH
3900,2040572,READING
3901,2041472,AIM
3902,2210301,AIM
3903,2216432,AIM
3904,2054142,READING
3905,2058636,TECH
3906,2060985,AIM
3907,2070594,AIM
3908,2061024,AIM
3909,2061191,ALT
3910,2063785,SPEED
3911,330469,READING
3912,2207855,SPEED
3913,2177100,ALT
3914,2100850,ALT
3915,2067859,ALT
3916,2069999,STREAM
3917,2170985,STREAM
3918,2610052,STREAM
3919,2496646,SPEED
3920,2502889,SPEED
3921,2074251,ALT
3922,2076663,STREAM
3923,2077121,STREAM
3924,2536882,READING
3925,2077273,READING
3926,2120117,READING
3927,2113861,READING
3928,2077521,RHYTHM
3929,2079303,SPEED
3930,2081373,TECH
3931,2081848,READING
3932,2082242,AIM
3933,2138953,AIM
3934,2084661,TECH
3935,2276210,AIM
3936,2607149,AIM
3937,2085476,AIM
3938,2086580,TECH
3939,2254540,AIM
